Player,Nation,Pos,Age,MP,Starts,Min,90s,Gls,Ast,G+A,G-PK,PK,PKatt,CrdY,CrdR,Secondary_Pos,Team
David Raya,ESP,GK,28.0,38.0,38.0,3420.0,38.0,0.0,0.0,0.0,0.0,0.0,0.0,3.0,0.0,,Arsenal
William Saliba,FRA,DF,23.0,35.0,35.0,3039.0,33.8,2.0,0.0,2.0,2.0,0.0,0.0,2.0,1.0,,Arsenal
Declan Rice,ENG,MF,25.0,35.0,33.0,2825.0,31.4,4.0,7.0,11.0,4.0,0.0,0.0,7.0,1.0,,Arsenal
Thomas Partey,GHA,MF,31.0,35.0,31.0,2797.0,31.1,4.0,2.0,6.0,4.0,0.0,0.0,4.0,0.0,DF,Arsenal
Leandro Trossard,BEL,FW,29.0,38.0,28.0,2546.0,28.3,8.0,7.0,15.0,8.0,0.0,0.0,4.0,1.0,,Arsenal
Gabriel Magalhães,BRA,DF,26.0,28.0,28.0,2363.0,26.3,3.0,1.0,4.0,3.0,0.0,0.0,4.0,0.0,,Arsenal
Jurriën Timber,NED,DF,23.0,30.0,27.0,2417.0,26.9,1.0,3.0,4.0,1.0,0.0,0.0,7.0,0.0,,Arsenal
Martin Ødegaard,NOR,MF,25.0,30.0,26.0,2325.0,25.8,3.0,8.0,11.0,2.0,1.0,1.0,4.0,0.0,,Arsenal
Gabriel Martinelli,BRA,FW,23.0,33.0,25.0,2290.0,25.4,8.0,4.0,12.0,8.0,0.0,0.0,1.0,0.0,MF,Arsenal
Kai Havertz,GER,FW,25.0,23.0,21.0,1875.0,20.8,9.0,3.0,12.0,9.0,0.0,0.0,5.0,0.0,MF,Arsenal
Bukayo Saka,ENG,FW,22.0,25.0,20.0,1729.0,19.2,6.0,10.0,16.0,5.0,1.0,1.0,3.0,0.0,MF,Arsenal
Mikel Merino,ESP,MF,28.0,28.0,17.0,1586.0,17.6,7.0,2.0,9.0,7.0,0.0,0.0,4.0,1.0,FW,Arsenal
Myles Lewis-Skelly,ENG,DF,17.0,23.0,15.0,1369.0,15.2,1.0,0.0,1.0,1.0,0.0,0.0,3.0,2.0,,Arsenal
Ben White,ENG,DF,26.0,17.0,13.0,1198.0,13.3,0.0,2.0,2.0,0.0,0.0,0.0,2.0,0.0,,Arsenal
Riccardo Calafiori,ITA,DF,22.0,19.0,11.0,983.0,10.9,2.0,1.0,3.0,2.0,0.0,0.0,4.0,0.0,,Arsenal
Ethan Nwaneri,ENG,FW,17.0,26.0,11.0,895.0,9.9,4.0,2.0,6.0,4.0,0.0,0.0,1.0,0.0,MF,Arsenal
Jakub Kiwior,POL,DF,24.0,17.0,10.0,1122.0,12.5,1.0,0.0,1.0,1.0,0.0,0.0,1.0,0.0,,Arsenal
Jorginho,ITA,MF,32.0,15.0,9.0,704.0,7.8,0.0,0.0,0.0,0.0,0.0,0.0,5.0,0.0,,Arsenal
Raheem Sterling,ENG,FW,29.0,17.0,7.0,499.0,5.5,0.0,2.0,2.0,0.0,0.0,0.0,1.0,0.0,MF,Arsenal
Gabriel Jesus,BRA,FW,27.0,17.0,6.0,608.0,6.8,3.0,0.0,3.0,3.0,0.0,0.0,4.0,0.0,,Arsenal
Oleksandr Zinchenko,UKR,DF,27.0,15.0,5.0,527.0,5.9,0.0,1.0,1.0,0.0,0.0,0.0,1.0,0.0,MF,Arsenal
Kieran Tierney,SCO,DF,27.0,13.0,2.0,259.0,2.9,1.0,0.0,1.0,1.0,0.0,0.0,0.0,0.0,FW,Arsenal
Nathan Butler-Oyedeji,ENG,FW,21.0,1.0,0.0,7.0,0.1,0.0,0.0,0.0,0.0,0.0,0.0,0.0,0.0,,Arsenal
Takehiro Tomiyasu,JPN,DF,25.0,1.0,0.0,7.0,0.1,0.0,0.0,0.0,0.0,0.0,0.0,0.0,0.0,,Arsenal
Reiss Nelson,ENG,FW,24.0,1.0,0.0,3.0,0.0,0.0,0.0,0.0,0.0,0.0,0.0,0.0,0.0,,Arsenal
Brayden Clarke,WAL,DF,17.0,0.0,0.0,0.0,0.0,0.0,0.0,0.0,0.0,0.0,0.0,0.0,0.0,,Arsenal
Jimi Gower,ENG,MF,19.0,0.0,0.0,0.0,0.0,0.0,0.0,0.0,0.0,0.0,0.0,0.0,0.0,,Arsenal
Ayden Heaven,ENG,DF,17.0,0.0,0.0,0.0,0.0,0.0,0.0,0.0,0.0,0.0,0.0,0.0,0.0,,Arsenal
Jack Henry-Francis,IRL,MF,20.0,0.0,0.0,0.0,0.0,0.0,0.0,0.0,0.0,0.0,0.0,0.0,0.0,,Arsenal
Ismeal Kabia,ENG,MF,18.0,0.0,0.0,0.0,0.0,0.0,0.0,0.0,0.0,0.0,0.0,0.0,0.0,,Arsenal
Maldini Kacurri,ALB,DF,18.0,0.0,0.0,0.0,0.0,0.0,0.0,0.0,0.0,0.0,0.0,0.0,0.0,,Arsenal
Neto,BRA,GK,35.0,0.0,0.0,0.0,0.0,0.0,0.0,0.0,0.0,0.0,0.0,0.0,0.0,,Arsenal
Josh Nichols,ENG,DF,18.0,0.0,0.0,0.0,0.0,0.0,0.0,0.0,0.0,0.0,0.0,0.0,0.0,,Arsenal
Eddie Nketiah,ENG,FW,25.0,0.0,0.0,0.0,0.0,0.0,0.0,0.0,0.0,0.0,0.0,0.0,0.0,,Arsenal
Salah Oulad M'Hand,NED,MF,20.0,0.0,0.0,0.0,0.0,0.0,0.0,0.0,0.0,0.0,0.0,0.0,0.0,,Arsenal
Jack Porter,ENG,GK,16.0,0.0,0.0,0.0,0.0,0.0,0.0,0.0,0.0,0.0,0.0,0.0,0.0,,Arsenal
Aaron Ramsdale,ENG,GK,26.0,0.0,0.0,0.0,0.0,0.0,0.0,0.0,0.0,0.0,0.0,0.0,0.0,,Arsenal
Tommy Setford,ENG,GK,18.0,0.0,0.0,0.0,0.0,0.0,0.0,0.0,0.0,0.0,0.0,0.0,0.0,,Arsenal
Emiliano Martínez,ARG,GK,31.0,37.0,37.0,3194.0,35.5,0.0,0.0,0.0,0.0,0.0,0.0,5.0,1.0,,Aston Villa
Morgan Rogers,ENG,FW,22.0,37.0,37.0,3114.0,34.6,8.0,10.0,18.0,8.0,0.0,0.0,10.0,0.0,MF,Aston Villa
Youri Tielemans,BEL,MF,27.0,36.0,35.0,3026.0,33.6,3.0,7.0,10.0,3.0,0.0,1.0,4.0,0.0,,Aston Villa
Ezri Konsa,ENG,DF,26.0,34.0,33.0,2936.0,32.6,2.0,0.0,2.0,2.0,0.0,0.0,1.0,0.0,,Aston Villa
Ollie Watkins,ENG,FW,28.0,38.0,31.0,2598.0,28.9,16.0,8.0,24.0,14.0,2.0,2.0,2.0,0.0,,Aston Villa
Lucas Digne,FRA,DF,31.0,32.0,28.0,2351.0,26.1,0.0,4.0,4.0,0.0,0.0,0.0,4.0,0.0,,Aston Villa
John McGinn,SCO,MF,29.0,34.0,27.0,2223.0,24.7,1.0,4.0,5.0,1.0,0.0,0.0,7.0,0.0,FW,Aston Villa
Matty Cash,POL,DF,26.0,27.0,24.0,2070.0,23.0,1.0,1.0,2.0,1.0,0.0,0.0,7.0,0.0,,Aston Villa
Pau Torres,ESP,DF,27.0,24.0,23.0,2020.0,22.4,0.0,0.0,0.0,0.0,0.0,0.0,2.0,0.0,,Aston Villa
Boubacar Kamara,FRA,MF,24.0,26.0,20.0,1726.0,19.2,1.0,0.0,1.0,1.0,0.0,0.0,2.0,0.0,,Aston Villa
Amadou Onana,BEL,MF,22.0,26.0,20.0,1617.0,18.0,3.0,0.0,3.0,3.0,0.0,0.0,4.0,0.0,,Aston Villa
Jacob Ramsey,ENG,FW,23.0,29.0,19.0,1623.0,18.0,1.0,3.0,4.0,1.0,0.0,0.0,4.0,1.0,MF,Aston Villa
Leon Bailey,JAM,FW,26.0,24.0,14.0,1139.0,12.7,1.0,2.0,3.0,1.0,0.0,0.0,3.0,0.0,MF,Aston Villa
Tyrone Mings,ENG,DF,31.0,14.0,12.0,1120.0,12.4,0.0,0.0,0.0,0.0,0.0,0.0,1.0,0.0,,Aston Villa
Ian Maatsen,NED,DF,22.0,29.0,10.0,1139.0,12.7,1.0,2.0,3.0,1.0,0.0,0.0,2.0,0.0,,Aston Villa
Marco Asensio,ESP,MF,28.0,13.0,9.0,743.0,8.3,3.0,1.0,4.0,3.0,0.0,2.0,2.0,0.0,,Aston Villa
Diego Carlos,BRA,DF,31.0,10.0,8.0,830.0,9.2,0.0,0.0,0.0,0.0,0.0,0.0,1.0,0.0,,Aston Villa
Axel Disasi,FRA,DF,26.0,7.0,5.0,490.0,5.4,0.0,0.0,0.0,0.0,0.0,0.0,2.0,0.0,,Aston Villa
Lamare Bogarde,NED,DF,20.0,8.0,5.0,476.0,5.3,0.0,0.0,0.0,0.0,0.0,0.0,2.0,0.0,MF,Aston Villa
Andrés García,ESP,DF,21.0,7.0,5.0,318.0,3.5,0.0,0.0,0.0,0.0,0.0,0.0,0.0,0.0,MF,Aston Villa
Jáder Durán,COL,FW,20.0,20.0,4.0,638.0,7.1,7.0,0.0,7.0,7.0,0.0,0.0,3.0,1.0,,Aston Villa
Marcus Rashford,ENG,FW,26.0,10.0,4.0,444.0,4.9,2.0,2.0,4.0,1.0,1.0,1.0,0.0,0.0,,Aston Villa
Ross Barkley,ENG,MF,30.0,20.0,3.0,581.0,6.5,3.0,1.0,4.0,3.0,0.0,0.0,3.0,0.0,,Aston Villa
Jaden Philogene Bidace,ENG,FW,22.0,11.0,2.0,332.0,3.7,0.0,0.0,0.0,0.0,0.0,0.0,4.0,1.0,MF,Aston Villa
Donyell Malen,NED,FW,25.0,14.0,2.0,305.0,3.4,3.0,0.0,3.0,3.0,0.0,0.0,0.0,0.0,,Aston Villa
Robin Olsen,SWE,GK,34.0,4.0,1.0,226.0,2.5,0.0,0.0,0.0,0.0,0.0,0.0,0.0,0.0,,Aston Villa
Kosta Nedeljković,SRB,DF,18.0,5.0,0.0,126.0,1.4,0.0,0.0,0.0,0.0,0.0,0.0,0.0,0.0,,Aston Villa
Emi Buendía,ARG,MF,27.0,12.0,0.0,98.0,1.1,0.0,0.0,0.0,0.0,0.0,0.0,1.0,0.0,FW,Aston Villa
Benjamin Broggio,ENG,FW,17.0,0.0,0.0,0.0,0.0,0.0,0.0,0.0,0.0,0.0,0.0,0.0,0.0,,Aston Villa
Joe Gauci,AUS,GK,24.0,0.0,0.0,0.0,0.0,0.0,0.0,0.0,0.0,0.0,0.0,0.0,0.0,,Aston Villa
Jamaldeen Jimoh,ENG,MF,17.0,0.0,0.0,0.0,0.0,0.0,0.0,0.0,0.0,0.0,0.0,0.0,0.0,,Aston Villa
Sil Swinkels,NED,DF,20.0,0.0,0.0,0.0,0.0,0.0,0.0,0.0,0.0,0.0,0.0,0.0,0.0,,Aston Villa
Kadan Young,ENG,MF,18.0,0.0,0.0,0.0,0.0,0.0,0.0,0.0,0.0,0.0,0.0,0.0,0.0,,Aston Villa
Oliwier Zych,POL,GK,20.0,0.0,0.0,0.0,0.0,0.0,0.0,0.0,0.0,0.0,0.0,0.0,0.0,,Aston Villa
Milos Kerkez,HUN,DF,20.0,38.0,38.0,3336.0,37.1,2.0,5.0,7.0,2.0,0.0,0.0,4.0,0.0,,Bournemouth
Antoine Semenyo,GHA,FW,24.0,37.0,36.0,3203.0,35.6,11.0,5.0,16.0,11.0,0.0,0.0,9.0,0.0,,Bournemouth
Illia Zabarnyi,UKR,DF,21.0,36.0,35.0,3109.0,34.5,0.0,1.0,1.0,0.0,0.0,0.0,4.0,1.0,,Bournemouth
Lewis Cook,ENG,MF,27.0,36.0,32.0,2978.0,33.1,1.0,3.0,4.0,1.0,0.0,0.0,8.0,1.0,DF,Bournemouth
Kepa Arrizabalaga,ESP,GK,29.0,31.0,31.0,2790.0,31.0,0.0,0.0,0.0,0.0,0.0,0.0,3.0,0.0,,Bournemouth
Justin Kluivert,NED,MF,25.0,34.0,29.0,2340.0,26.0,12.0,6.0,18.0,6.0,6.0,6.0,8.0,0.0,,Bournemouth
Evanilson,BRA,FW,24.0,31.0,28.0,2319.0,25.8,10.0,1.0,11.0,10.0,0.0,1.0,1.0,1.0,,Bournemouth
Ryan Christie,SCO,MF,29.0,29.0,27.0,2117.0,23.5,2.0,3.0,5.0,2.0,0.0,0.0,9.0,0.0,,Bournemouth
Dean Huijsen,ESP,DF,19.0,32.0,26.0,2427.0,27.0,3.0,2.0,5.0,3.0,0.0,0.0,10.0,0.0,,Bournemouth
Dango Ouattara,BFA,FW,22.0,32.0,21.0,2005.0,22.3,7.0,4.0,11.0,7.0,0.0,0.0,3.0,0.0,,Bournemouth
Tyler Adams,USA,MF,25.0,28.0,21.0,1965.0,21.8,0.0,3.0,3.0,0.0,0.0,0.0,7.0,0.0,,Bournemouth
Marcus Tavernier,ENG,FW,25.0,29.0,20.0,1939.0,21.5,3.0,5.0,8.0,3.0,0.0,0.0,6.0,0.0,MF,Bournemouth
Adam Smith,ENG,DF,33.0,25.0,19.0,1590.0,17.7,0.0,0.0,0.0,0.0,0.0,0.0,7.0,0.0,,Bournemouth
Marcos Senesi,ARG,DF,27.0,17.0,13.0,1106.0,12.3,0.0,0.0,0.0,0.0,0.0,0.0,5.0,0.0,,Bournemouth
David Brooks,WAL,FW,27.0,29.0,9.0,960.0,10.7,2.0,0.0,2.0,2.0,0.0,0.0,3.0,0.0,MF,Bournemouth
Alex Scott,ENG,MF,20.0,20.0,8.0,755.0,8.4,0.0,0.0,0.0,0.0,0.0,0.0,3.0,0.0,,Bournemouth
Julian Araujo,MEX,DF,22.0,12.0,7.0,497.0,5.5,0.0,0.0,0.0,0.0,0.0,0.0,2.0,0.0,,Bournemouth
James Hill,ENG,DF,22.0,10.0,6.0,448.0,5.0,0.0,1.0,1.0,0.0,0.0,0.0,1.0,0.0,,Bournemouth
Mark Travers,IRL,GK,25.0,5.0,5.0,450.0,5.0,0.0,0.0,0.0,0.0,0.0,0.0,0.0,0.0,,Bournemouth
Enes Ünal,TUR,FW,27.0,17.0,2.0,345.0,3.8,2.0,1.0,3.0,2.0,0.0,0.0,2.0,0.0,MF,Bournemouth
Neto,BRA,GK,35.0,2.0,2.0,180.0,2.0,0.0,0.0,0.0,0.0,0.0,0.0,0.0,0.0,,Bournemouth
Luis Sinisterra,COL,FW,25.0,12.0,1.0,236.0,2.6,1.0,1.0,2.0,1.0,0.0,0.0,0.0,0.0,MF,Bournemouth
Philip Billing,DEN,MF,28.0,10.0,1.0,184.0,2.0,0.0,0.0,0.0,0.0,0.0,0.0,1.0,0.0,,Bournemouth
Max Aarons,ENG,DF,24.0,3.0,1.0,86.0,1.0,0.0,0.0,0.0,0.0,0.0,0.0,0.0,0.0,,Bournemouth
Daniel Jebbison,CAN,FW,20.0,16.0,0.0,119.0,1.3,1.0,0.0,1.0,1.0,0.0,0.0,1.0,0.0,,Bournemouth
Ben Winterburn,ENG,MF,19.0,4.0,0.0,24.0,0.3,0.0,0.0,0.0,0.0,0.0,0.0,0.0,0.0,FW,Bournemouth
Julio Soler,ARG,DF,19.0,3.0,0.0,11.0,0.1,0.0,0.0,0.0,0.0,0.0,0.0,0.0,0.0,FW,Bournemouth
Remy Rees-Dottin,ENG,FW,18.0,1.0,0.0,1.0,0.0,0.0,0.0,0.0,0.0,0.0,0.0,0.0,0.0,,Bournemouth
Zain Silcott-Duberry,MSR,FW,19.0,1.0,0.0,1.0,0.0,0.0,0.0,0.0,0.0,0.0,0.0,0.0,0.0,,Bournemouth
Daniel Adu-Adjei,ENG,FW,19.0,0.0,0.0,0.0,0.0,0.0,0.0,0.0,0.0,0.0,0.0,0.0,0.0,,Bournemouth
Matai Akinmboni,USA,DF,17.0,0.0,0.0,0.0,0.0,0.0,0.0,0.0,0.0,0.0,0.0,0.0,0.0,,Bournemouth
Jaidon Anthony,ENG,FW,24.0,0.0,0.0,0.0,0.0,0.0,0.0,0.0,0.0,0.0,0.0,0.0,0.0,MF,Bournemouth
Will Dennis,ENG,GK,24.0,0.0,0.0,0.0,0.0,0.0,0.0,0.0,0.0,0.0,0.0,0.0,0.0,,Bournemouth
Archie Harris,WAL,DF,19.0,0.0,0.0,0.0,0.0,0.0,0.0,0.0,0.0,0.0,0.0,0.0,0.0,,Bournemouth
Hamed Junior Traorè,CIV,FW,24.0,0.0,0.0,0.0,0.0,0.0,0.0,0.0,0.0,0.0,0.0,0.0,0.0,MF,Bournemouth
Callan Mckenna,SCO,GK,17.0,0.0,0.0,0.0,0.0,0.0,0.0,0.0,0.0,0.0,0.0,0.0,0.0,,Bournemouth
Dominic Sadi,ENG,MF,20.0,0.0,0.0,0.0,0.0,0.0,0.0,0.0,0.0,0.0,0.0,0.0,0.0,,Bournemouth
Maxwell Wellings,ENG,DF,19.0,0.0,0.0,0.0,0.0,0.0,0.0,0.0,0.0,0.0,0.0,0.0,0.0,,Bournemouth
Nathan Collins,IRL,DF,23.0,38.0,38.0,3420.0,38.0,2.0,3.0,5.0,2.0,0.0,0.0,5.0,0.0,,Brentford
Bryan Mbeumo,CMR,FW,24.0,38.0,38.0,3414.0,37.9,20.0,7.0,27.0,15.0,5.0,6.0,3.0,0.0,,Brentford
Mark Flekken,NED,GK,31.0,37.0,37.0,3275.0,36.4,0.0,2.0,2.0,0.0,0.0,0.0,1.0,0.0,,Brentford
Keane Lewis-Potter,ENG,DF,23.0,38.0,36.0,3093.0,34.4,1.0,3.0,4.0,1.0,0.0,0.0,7.0,0.0,FW,Brentford
Yoane Wissa,COD,FW,27.0,35.0,34.0,2919.0,32.4,19.0,4.0,23.0,19.0,0.0,0.0,5.0,0.0,,Brentford
Mikkel Damsgaard,DEN,MF,24.0,38.0,34.0,2911.0,32.3,2.0,10.0,12.0,2.0,0.0,0.0,2.0,0.0,FW,Brentford
Christian Nørgaard,DEN,MF,30.0,34.0,34.0,2819.0,31.3,5.0,4.0,9.0,5.0,0.0,0.0,8.0,1.0,,Brentford
Sepp van den Berg,NED,DF,22.0,31.0,29.0,2586.0,28.7,0.0,0.0,0.0,0.0,0.0,0.0,3.0,0.0,,Brentford
Vitaly Janelt,GER,MF,26.0,32.0,27.0,2254.0,25.0,1.0,3.0,4.0,1.0,0.0,0.0,3.0,0.0,,Brentford
Kevin Schade,GER,FW,22.0,38.0,26.0,2293.0,25.5,11.0,2.0,13.0,11.0,0.0,0.0,3.0,0.0,,Brentford
Ethan Pinnock,JAM,DF,31.0,22.0,21.0,1913.0,21.3,2.0,0.0,2.0,2.0,0.0,0.0,2.0,0.0,,Brentford
Kristoffer Ajer,NOR,DF,26.0,24.0,17.0,1438.0,16.0,0.0,0.0,0.0,0.0,0.0,0.0,5.0,0.0,,Brentford
Yehor Yarmoliuk,UKR,MF,20.0,31.0,15.0,1450.0,16.1,0.0,0.0,0.0,0.0,0.0,0.0,6.0,0.0,,Brentford
Mads Roerslev,DEN,DF,25.0,19.0,11.0,1101.0,12.2,0.0,2.0,2.0,0.0,0.0,0.0,2.0,0.0,,Brentford
Mathias Jensen,DEN,MF,28.0,24.0,8.0,862.0,9.6,0.0,2.0,2.0,0.0,0.0,0.0,2.0,0.0,,Brentford
Michael Kayode,ITA,DF,20.0,12.0,6.0,528.0,5.9,0.0,1.0,1.0,0.0,0.0,0.0,2.0,0.0,,Brentford
Fabio Carvalho,POR,FW,21.0,19.0,3.0,455.0,5.1,2.0,1.0,3.0,2.0,0.0,0.0,1.0,0.0,MF,Brentford
Ben Mee,ENG,DF,34.0,7.0,2.0,183.0,2.0,0.0,0.0,0.0,0.0,0.0,0.0,2.0,0.0,,Brentford
Thiago,BRA,FW,23.0,8.0,1.0,175.0,1.9,0.0,0.0,0.0,0.0,0.0,0.0,0.0,0.0,MF,Brentford
Hákon Valdimarsson,ISL,GK,22.0,2.0,1.0,145.0,1.6,0.0,0.0,0.0,0.0,0.0,0.0,0.0,0.0,,Brentford
Edmond-Paris Maghoma,ENG,MF,23.0,8.0,0.0,119.0,1.3,0.0,0.0,0.0,0.0,0.0,0.0,0.0,0.0,FW,Brentford
Rico Henry,ENG,DF,27.0,5.0,0.0,99.0,1.1,0.0,0.0,0.0,0.0,0.0,0.0,0.0,0.0,,Brentford
Yunus Emre Konak,TUR,FW,18.0,10.0,0.0,42.0,0.5,0.0,0.0,0.0,0.0,0.0,0.0,0.0,0.0,MF,Brentford
Kim Jisoo,KOR,DF,19.0,3.0,0.0,30.0,0.3,0.0,0.0,0.0,0.0,0.0,0.0,0.0,0.0,,Brentford
Frank Onyeka,NGA,MF,26.0,2.0,0.0,25.0,0.3,0.0,0.0,0.0,0.0,0.0,0.0,0.0,0.0,,Brentford
Gustavo Nunes,BRA,FW,18.0,3.0,0.0,12.0,0.1,0.0,0.0,0.0,0.0,0.0,0.0,0.0,0.0,MF,Brentford
Jayden Meghoma,ENG,DF,18.0,1.0,0.0,5.0,0.1,0.0,0.0,0.0,0.0,0.0,0.0,0.0,0.0,,Brentford
Ryan Trevitt,ENG,MF,21.0,1.0,0.0,4.0,0.0,0.0,0.0,0.0,0.0,0.0,0.0,0.0,0.0,,Brentford
Benjamin Arthur,ENG,DF,18.0,0.0,0.0,0.0,0.0,0.0,0.0,0.0,0.0,0.0,0.0,0.0,0.0,,Brentford
Julian Eyestone,USA,GK,18.0,0.0,0.0,0.0,0.0,0.0,0.0,0.0,0.0,0.0,0.0,0.0,0.0,,Brentford
Benjamin Fredrick,NGA,DF,19.0,0.0,0.0,0.0,0.0,0.0,0.0,0.0,0.0,0.0,0.0,0.0,0.0,,Brentford
Aaron Hickey,SCO,DF,22.0,0.0,0.0,0.0,0.0,0.0,0.0,0.0,0.0,0.0,0.0,0.0,0.0,MF,Brentford
Iwan Morgan,WAL,FW,18.0,0.0,0.0,0.0,0.0,0.0,0.0,0.0,0.0,0.0,0.0,0.0,0.0,,Brentford
Myles Peart-Harris,ENG,MF,21.0,0.0,0.0,0.0,0.0,0.0,0.0,0.0,0.0,0.0,0.0,0.0,0.0,,Brentford
Tony Yogane,ENG,MF,18.0,0.0,0.0,0.0,0.0,0.0,0.0,0.0,0.0,0.0,0.0,0.0,0.0,,Brentford
Bart Verbruggen,NED,GK,21.0,36.0,36.0,3240.0,36.0,0.0,1.0,1.0,0.0,0.0,0.0,5.0,0.0,,Brighton
Jan Paul van Hecke,NED,DF,24.0,34.0,33.0,2958.0,32.9,1.0,1.0,2.0,1.0,0.0,0.0,8.0,1.0,,Brighton
Carlos Baleba,CMR,MF,20.0,34.0,31.0,2661.0,29.6,3.0,1.0,4.0,3.0,0.0,0.0,8.0,1.0,,Brighton
Kaoru Mitoma,JPN,FW,27.0,36.0,28.0,2603.0,28.9,10.0,4.0,14.0,10.0,0.0,0.0,1.0,0.0,MF,Brighton
Pervis Estupiñán,ECU,DF,26.0,30.0,26.0,2402.0,26.7,1.0,1.0,2.0,1.0,0.0,0.0,5.0,0.0,,Brighton
Danny Welbeck,ENG,FW,33.0,30.0,24.0,2115.0,23.5,10.0,4.0,14.0,9.0,1.0,1.0,5.0,0.0,,Brighton
Lewis Dunk,ENG,DF,32.0,25.0,23.0,2083.0,23.1,0.0,0.0,0.0,0.0,0.0,0.0,5.0,0.0,,Brighton
João Pedro,BRA,FW,22.0,27.0,23.0,1948.0,21.6,10.0,6.0,16.0,5.0,5.0,5.0,4.0,1.0,MF,Brighton
Yasin Ayari,SWE,MF,20.0,34.0,22.0,1965.0,21.8,2.0,1.0,3.0,2.0,0.0,0.0,3.0,0.0,,Brighton
Jack Hinshelwood,ENG,MF,19.0,26.0,22.0,1842.0,20.5,5.0,2.0,7.0,5.0,0.0,0.0,5.0,0.0,DF,Brighton
Yankuba Minteh,GAM,FW,20.0,32.0,20.0,1838.0,20.4,6.0,4.0,10.0,6.0,0.0,0.0,6.0,0.0,MF,Brighton
Joël Veltman,NED,DF,32.0,21.0,19.0,1697.0,18.9,0.0,0.0,0.0,0.0,0.0,0.0,5.0,0.0,,Brighton
Georginio Rutter,FRA,MF,22.0,28.0,19.0,1656.0,18.4,5.0,3.0,8.0,5.0,0.0,0.0,2.0,0.0,FW,Brighton
Simon Adingra,CIV,FW,22.0,29.0,12.0,1097.0,12.2,2.0,2.0,4.0,2.0,0.0,0.0,0.0,0.0,MF,Brighton
Matt O'Riley,DEN,MF,23.0,21.0,11.0,938.0,10.4,2.0,2.0,4.0,1.0,1.0,1.0,1.0,0.0,,Brighton
,,Performance,0.0,0.0,0.0,0.0,0.0,0.0,0.0,0.0,0.0,0.0,0.0,0.0,0.0,,Brighton
Adam Webster,ENG,DF,29.0,14.0,11.0,887.0,9.9,0.0,0.0,0.0,0.0,0.0,0.0,1.0,0.0,,Brighton
Mats Wieffer,NED,DF,24.0,25.0,10.0,1015.0,11.3,1.0,3.0,4.0,1.0,0.0,0.0,6.0,0.0,MF,Brighton
Igor,BRA,DF,26.0,13.0,10.0,961.0,10.7,0.0,0.0,0.0,0.0,0.0,0.0,4.0,0.0,,Brighton
Tariq Lamptey,GHA,DF,23.0,15.0,10.0,860.0,9.6,2.0,2.0,4.0,2.0,0.0,0.0,0.0,0.0,,Brighton
Brajan Gruda,GER,MF,20.0,21.0,8.0,687.0,7.6,1.0,4.0,5.0,1.0,0.0,0.0,0.0,0.0,FW,Brighton
Ferdi Kadioglu,TUR,DF,24.0,6.0,5.0,385.0,4.3,1.0,0.0,1.0,1.0,0.0,0.0,1.0,0.0,MF,Brighton
Diego Gómez,PAR,MF,21.0,16.0,4.0,516.0,5.7,1.0,0.0,1.0,1.0,0.0,0.0,0.0,0.0,,Brighton
James Milner,ENG,MF,38.0,4.0,3.0,170.0,1.9,0.0,0.0,0.0,0.0,0.0,0.0,1.0,0.0,,Brighton
Julio Enciso,PAR,MF,20.0,12.0,2.0,294.0,3.3,0.0,0.0,0.0,0.0,0.0,0.0,0.0,0.0,FW,Brighton
Evan Ferguson,IRL,FW,19.0,13.0,2.0,246.0,2.7,1.0,0.0,1.0,1.0,0.0,0.0,0.0,0.0,,Brighton
Jason Steele,ENG,GK,33.0,2.0,2.0,180.0,2.0,0.0,0.0,0.0,0.0,0.0,0.0,0.0,0.0,,Brighton
Solly March,ENG,FW,30.0,8.0,1.0,168.0,1.9,0.0,0.0,0.0,0.0,0.0,0.0,2.0,0.0,MF,Brighton
Billy Gilmour,SCO,MF,23.0,2.0,1.0,98.0,1.1,0.0,0.0,0.0,0.0,0.0,0.0,0.0,0.0,,Brighton
Eiran Cashin,IRL,DF,22.0,2.0,0.0,20.0,0.2,0.0,0.0,0.0,0.0,0.0,0.0,0.0,0.0,,Brighton
Jakub Moder,POL,MF,25.0,4.0,0.0,11.0,0.1,0.0,0.0,0.0,0.0,0.0,0.0,0.0,0.0,,Brighton
,,Performance,0.0,0.0,0.0,0.0,0.0,0.0,0.0,0.0,0.0,0.0,0.0,0.0,0.0,,Brighton
Jeremy Sarmiento,ECU,MF,22.0,1.0,0.0,9.0,0.1,0.0,0.0,0.0,0.0,0.0,0.0,0.0,0.0,,Brighton
Harry Howell,ENG,FW,15.0,1.0,0.0,7.0,0.1,0.0,0.0,0.0,0.0,0.0,0.0,0.0,0.0,,Brighton
Valentín Barco,ARG,DF,20.0,0.0,0.0,0.0,0.0,0.0,0.0,0.0,0.0,0.0,0.0,0.0,0.0,MF,Brighton
Killian Cahill,IRL,GK,20.0,0.0,0.0,0.0,0.0,0.0,0.0,0.0,0.0,0.0,0.0,0.0,0.0,,Brighton
Joe Knight,ENG,MF,18.0,0.0,0.0,0.0,0.0,0.0,0.0,0.0,0.0,0.0,0.0,0.0,0.0,,Brighton
Ruairi Mcconville,NIR,DF,19.0,0.0,0.0,0.0,0.0,0.0,0.0,0.0,0.0,0.0,0.0,0.0,0.0,,Brighton
Mark O'Mahony,IRL,FW,19.0,0.0,0.0,0.0,0.0,0.0,0.0,0.0,0.0,0.0,0.0,0.0,0.0,,Brighton
Carl Rushworth,ENG,GK,23.0,0.0,0.0,0.0,0.0,0.0,0.0,0.0,0.0,0.0,0.0,0.0,0.0,,Brighton
Imari Samuels,ENG,DF,21.0,0.0,0.0,0.0,0.0,0.0,0.0,0.0,0.0,0.0,0.0,0.0,0.0,,Brighton
Freddie Simmonds,ENG,DF,16.0,0.0,0.0,0.0,0.0,0.0,0.0,0.0,0.0,0.0,0.0,0.0,0.0,,Brighton
Jacob Slater,IRL,DF,19.0,0.0,0.0,0.0,0.0,0.0,0.0,0.0,0.0,0.0,0.0,0.0,0.0,,Brighton
Charlie Tasker,ENG,DF,18.0,0.0,0.0,0.0,0.0,0.0,0.0,0.0,0.0,0.0,0.0,0.0,0.0,,Brighton
Moisés Caicedo,ECU,MF,22.0,38.0,38.0,3351.0,37.2,1.0,2.0,3.0,1.0,0.0,0.0,11.0,0.0,DF,Chelsea
Cole Palmer,ENG,MF,22.0,37.0,36.0,3191.0,35.5,15.0,8.0,23.0,11.0,4.0,5.0,7.0,0.0,FW,Chelsea
Levi Colwill,ENG,DF,21.0,35.0,35.0,3149.0,35.0,2.0,1.0,3.0,2.0,0.0,0.0,9.0,0.0,,Chelsea
Marc Cucurella,ESP,DF,26.0,36.0,33.0,2988.0,33.2,5.0,1.0,6.0,5.0,0.0,0.0,10.0,1.0,,Chelsea
Enzo Fernández,ARG,MF,23.0,36.0,32.0,2947.0,32.7,6.0,7.0,13.0,6.0,0.0,0.0,8.0,0.0,,Chelsea
Robert Sánchez,ESP,GK,26.0,32.0,32.0,2880.0,32.0,0.0,0.0,0.0,0.0,0.0,0.0,5.0,0.0,,Chelsea
Nicolas Jackson,SEN,FW,23.0,30.0,28.0,2220.0,24.7,10.0,5.0,15.0,10.0,0.0,0.0,7.0,1.0,,Chelsea
Noni Madueke,ENG,FW,22.0,32.0,27.0,2033.0,22.6,7.0,3.0,10.0,7.0,0.0,0.0,3.0,0.0,,Chelsea
Pedro Neto,POR,FW,24.0,35.0,24.0,2269.0,25.2,4.0,6.0,10.0,4.0,0.0,0.0,8.0,0.0,,Chelsea
Malo Gusto,FRA,DF,21.0,32.0,19.0,1862.0,20.7,0.0,1.0,1.0,0.0,0.0,0.0,4.0,0.0,,Chelsea
Jadon Sancho,ENG,FW,24.0,31.0,19.0,1764.0,19.6,3.0,4.0,7.0,3.0,0.0,0.0,2.0,0.0,,Chelsea
Tosin Adarabioyo,ENG,DF,26.0,22.0,15.0,1409.0,15.7,1.0,1.0,2.0,1.0,0.0,0.0,4.0,0.0,,Chelsea
Wesley Fofana,FRA,DF,23.0,14.0,14.0,1172.0,13.0,0.0,0.0,0.0,0.0,0.0,0.0,7.0,0.0,,Chelsea
Reece James,ENG,DF,24.0,19.0,12.0,1063.0,11.8,1.0,1.0,2.0,1.0,0.0,0.0,1.0,0.0,MF,Chelsea
Trevoh Chalobah,ENG,DF,25.0,13.0,11.0,910.0,10.1,0.0,1.0,1.0,0.0,0.0,0.0,2.0,0.0,,Chelsea
Roméo Lavia,BEL,MF,20.0,16.0,11.0,797.0,8.9,0.0,1.0,1.0,0.0,0.0,0.0,4.0,0.0,,Chelsea
Christopher Nkunku,FRA,FW,26.0,27.0,9.0,921.0,10.2,3.0,2.0,5.0,3.0,0.0,0.0,2.0,0.0,,Chelsea
Filip Jørgensen,DEN,GK,22.0,6.0,6.0,540.0,6.0,0.0,0.0,0.0,0.0,0.0,0.0,0.0,0.0,,Chelsea
Axel Disasi,FRA,DF,26.0,6.0,4.0,364.0,4.0,1.0,0.0,1.0,1.0,0.0,0.0,1.0,0.0,,Chelsea
João Félix,POR,FW,24.0,12.0,3.0,369.0,4.1,1.0,1.0,2.0,1.0,0.0,0.0,2.0,0.0,MF,Chelsea
Benoît Badiashile,FRA,DF,23.0,5.0,3.0,334.0,3.7,0.0,0.0,0.0,0.0,0.0,0.0,0.0,0.0,,Chelsea
Kiernan Dewsbury-Hall,ENG,MF,25.0,13.0,2.0,264.0,2.9,0.0,1.0,1.0,0.0,0.0,0.0,0.0,0.0,FW,Chelsea
Joshua Acheampong,ENG,DF,18.0,4.0,2.0,170.0,1.9,0.0,0.0,0.0,0.0,0.0,0.0,1.0,0.0,,Chelsea
Tyrique George,ENG,FW,18.0,8.0,1.0,183.0,2.0,1.0,1.0,2.0,1.0,0.0,0.0,1.0,0.0,,Chelsea
Renato Veiga,POR,DF,21.0,7.0,1.0,181.0,2.0,0.0,0.0,0.0,0.0,0.0,0.0,2.0,0.0,MF,Chelsea
Mykhailo Mudryk,UKR,FW,23.0,7.0,1.0,151.0,1.7,0.0,0.0,0.0,0.0,0.0,0.0,0.0,0.0,,Chelsea
Marc Guiu,ESP,FW,18.0,3.0,0.0,73.0,0.8,0.0,0.0,0.0,0.0,0.0,0.0,0.0,0.0,,Chelsea
Mathis Amougou,FRA,MF,18.0,1.0,0.0,8.0,0.1,0.0,0.0,0.0,0.0,0.0,0.0,0.0,0.0,,Chelsea
Shumaira Mheuka,ENG,MF,16.0,1.0,0.0,1.0,0.0,0.0,0.0,0.0,0.0,0.0,0.0,0.0,0.0,,Chelsea
Aaron Anselmino,ARG,DF,19.0,0.0,0.0,0.0,0.0,0.0,0.0,0.0,0.0,0.0,0.0,0.0,0.0,,Chelsea
Genesis Antwi,SWE,MF,17.0,0.0,0.0,0.0,0.0,0.0,0.0,0.0,0.0,0.0,0.0,0.0,0.0,,Chelsea
Marcus Bettinelli,ENG,GK,32.0,0.0,0.0,0.0,0.0,0.0,0.0,0.0,0.0,0.0,0.0,0.0,0.0,,Chelsea
Cesare Casadei,ITA,MF,21.0,0.0,0.0,0.0,0.0,0.0,0.0,0.0,0.0,0.0,0.0,0.0,0.0,,Chelsea
Samuel Rak-Sakyi,ENG,MF,19.0,0.0,0.0,0.0,0.0,0.0,0.0,0.0,0.0,0.0,0.0,0.0,0.0,,Chelsea
Ishé Samuels-Smith,ENG,DF,18.0,0.0,0.0,0.0,0.0,0.0,0.0,0.0,0.0,0.0,0.0,0.0,0.0,,Chelsea
Dean Henderson,ENG,GK,27.0,38.0,38.0,3420.0,38.0,0.0,0.0,0.0,0.0,0.0,0.0,3.0,0.0,,Crystal Palace
Daniel Muñoz,COL,DF,28.0,37.0,37.0,3228.0,35.9,4.0,5.0,9.0,4.0,0.0,0.0,10.0,0.0,,Crystal Palace
Tyrick Mitchell,ENG,DF,24.0,37.0,37.0,3092.0,34.4,0.0,5.0,5.0,0.0,0.0,0.0,2.0,0.0,,Crystal Palace
Maxence Lacroix,FRA,DF,24.0,35.0,35.0,3116.0,34.6,1.0,1.0,2.0,1.0,0.0,0.0,5.0,0.0,,Crystal Palace
Marc Guéhi,ENG,DF,24.0,34.0,34.0,3059.0,34.0,3.0,2.0,5.0,3.0,0.0,0.0,9.0,1.0,,Crystal Palace
Jean-Philippe Mateta,FRA,FW,27.0,37.0,33.0,2648.0,29.4,14.0,2.0,16.0,12.0,2.0,2.0,2.0,0.0,,Crystal Palace
Eberechi Eze,ENG,MF,26.0,34.0,31.0,2588.0,28.8,8.0,8.0,16.0,7.0,1.0,2.0,1.0,0.0,FW,Crystal Palace
Ismaila Sarr,SEN,MF,26.0,38.0,30.0,2711.0,30.1,8.0,6.0,14.0,8.0,0.0,0.0,4.0,0.0,,Crystal Palace
Jefferson Lerma,COL,MF,29.0,33.0,26.0,2274.0,25.3,0.0,1.0,1.0,0.0,0.0,0.0,9.0,0.0,DF,Crystal Palace
Will Hughes,ENG,MF,29.0,33.0,24.0,2108.0,23.4,0.0,3.0,3.0,0.0,0.0,0.0,11.0,0.0,,Crystal Palace
Chris Richards,USA,DF,24.0,24.0,22.0,1922.0,21.4,1.0,0.0,1.0,1.0,0.0,0.0,4.0,1.0,,Crystal Palace
Adam Wharton,ENG,MF,20.0,20.0,16.0,1318.0,14.6,0.0,2.0,2.0,0.0,0.0,0.0,2.0,0.0,,Crystal Palace
Daichi Kamada,JPN,MF,27.0,34.0,15.0,1564.0,17.4,0.0,0.0,0.0,0.0,0.0,0.0,4.0,1.0,,Crystal Palace
Trevoh Chalobah,ENG,DF,25.0,12.0,12.0,1060.0,11.8,3.0,0.0,3.0,3.0,0.0,0.0,1.0,0.0,,Crystal Palace
Eddie Nketiah,ENG,FW,25.0,29.0,9.0,1034.0,11.5,3.0,1.0,4.0,3.0,0.0,0.0,6.0,1.0,MF,Crystal Palace
Nathaniel Clyne,ENG,DF,33.0,13.0,5.0,483.0,5.4,0.0,0.0,0.0,0.0,0.0,0.0,1.0,0.0,MF,Crystal Palace
Justin Devenny,NIR,MF,20.0,23.0,4.0,507.0,5.6,1.0,1.0,2.0,1.0,0.0,0.0,1.0,0.0,,Crystal Palace
Cheick Doucouré,MLI,MF,24.0,13.0,4.0,452.0,5.0,0.0,0.0,0.0,0.0,0.0,0.0,1.0,0.0,,Crystal Palace
Ben Chilwell,ENG,DF,27.0,8.0,1.0,259.0,2.9,1.0,0.0,1.0,1.0,0.0,0.0,1.0,0.0,,Crystal Palace
Romain Esse,ENG,MF,19.0,7.0,1.0,138.0,1.5,1.0,1.0,2.0,1.0,0.0,0.0,0.0,0.0,,Crystal Palace
Odsonne Édouard,FRA,MF,26.0,2.0,1.0,115.0,1.3,0.0,0.0,0.0,0.0,0.0,0.0,0.0,0.0,FW,Crystal Palace
Joachim Andersen,DEN,DF,28.0,1.0,1.0,90.0,1.0,0.0,0.0,0.0,0.0,0.0,0.0,1.0,0.0,,Crystal Palace
Chadi Riad,MAR,DF,21.0,1.0,1.0,90.0,1.0,0.0,0.0,0.0,0.0,0.0,0.0,0.0,0.0,,Crystal Palace
Joel Ward,ENG,DF,34.0,2.0,1.0,71.0,0.8,0.0,0.0,0.0,0.0,0.0,0.0,1.0,0.0,,Crystal Palace
Jeffrey Schlupp,GHA,MF,31.0,12.0,0.0,103.0,1.1,0.0,0.0,0.0,0.0,0.0,0.0,0.0,0.0,DF,Crystal Palace
Matheus França,BRA,MF,20.0,4.0,0.0,55.0,0.6,1.0,0.0,1.0,1.0,0.0,0.0,0.0,0.0,FW,Crystal Palace
Jordan Ayew,GHA,FW,32.0,1.0,0.0,21.0,0.2,0.0,0.0,0.0,0.0,0.0,0.0,1.0,0.0,MF,Crystal Palace
Caleb Kporha,ENG,DF,18.0,2.0,0.0,13.0,0.1,0.0,0.0,0.0,0.0,0.0,0.0,0.0,0.0,,Crystal Palace
Asher Agbinone,ENG,MF,18.0,2.0,0.0,6.0,0.1,0.0,0.0,0.0,0.0,0.0,0.0,0.0,0.0,,Crystal Palace
Naouirou Ahamada,FRA,MF,22.0,0.0,0.0,0.0,0.0,0.0,0.0,0.0,0.0,0.0,0.0,0.0,0.0,,Crystal Palace
Rob Holding,ENG,DF,28.0,0.0,0.0,0.0,0.0,0.0,0.0,0.0,0.0,0.0,0.0,0.0,0.0,,Crystal Palace
Sam Johnstone,ENG,GK,31.0,0.0,0.0,0.0,0.0,0.0,0.0,0.0,0.0,0.0,0.0,0.0,0.0,,Crystal Palace
Zachariah Marsh,ENG,FW,18.0,0.0,0.0,0.0,0.0,0.0,0.0,0.0,0.0,0.0,0.0,0.0,0.0,,Crystal Palace
Remi Matthews,ENG,GK,30.0,0.0,0.0,0.0,0.0,0.0,0.0,0.0,0.0,0.0,0.0,0.0,0.0,,Crystal Palace
Kaden Rodney,ENG,DF,19.0,0.0,0.0,0.0,0.0,0.0,0.0,0.0,0.0,0.0,0.0,0.0,0.0,MF,Crystal Palace
Matt Turner,USA,GK,30.0,0.0,0.0,0.0,0.0,0.0,0.0,0.0,0.0,0.0,0.0,0.0,0.0,,Crystal Palace
Franco Umeh-Chibueze,IRL,MF,19.0,0.0,0.0,0.0,0.0,0.0,0.0,0.0,0.0,0.0,0.0,0.0,0.0,,Crystal Palace
Jordan Pickford,ENG,GK,30.0,38.0,38.0,3420.0,38.0,0.0,1.0,1.0,0.0,0.0,0.0,7.0,0.0,,Everton
Vitaliy Mykolenko,UKR,DF,25.0,35.0,35.0,3082.0,34.2,1.0,2.0,3.0,1.0,0.0,0.0,4.0,0.0,,Everton
Idrissa Gana Gueye,SEN,MF,34.0,37.0,35.0,3063.0,34.0,0.0,3.0,3.0,0.0,0.0,0.0,9.0,0.0,,Everton
James Tarkowski,ENG,DF,31.0,33.0,33.0,2922.0,32.5,1.0,1.0,2.0,1.0,0.0,0.0,6.0,0.0,,Everton
Abdoulaye Doucouré,MLI,MF,31.0,33.0,31.0,2564.0,28.5,3.0,2.0,5.0,3.0,0.0,0.0,5.0,1.0,,Everton
Iliman Ndiaye,SEN,FW,24.0,33.0,29.0,2430.0,27.0,9.0,0.0,9.0,7.0,2.0,2.0,3.0,0.0,,Everton
Jarrad Branthwaite,ENG,DF,22.0,30.0,28.0,2511.0,27.9,0.0,1.0,1.0,0.0,0.0,0.0,4.0,0.0,,Everton
Jack Harrison,ENG,FW,27.0,34.0,24.0,2076.0,23.1,1.0,0.0,1.0,1.0,0.0,0.0,0.0,0.0,,Everton
Ashley Young,ENG,DF,39.0,32.0,19.0,1875.0,20.8,1.0,3.0,4.0,1.0,0.0,0.0,7.0,1.0,,Everton
Dominic Calvert-Lewin,ENG,FW,27.0,26.0,19.0,1609.0,17.9,3.0,1.0,4.0,3.0,0.0,0.0,2.0,0.0,,Everton
James Garner,ENG,MF,23.0,21.0,17.0,1594.0,17.7,0.0,1.0,1.0,0.0,0.0,0.0,5.0,0.0,DF,Everton
Jake O'Brien,IRL,DF,23.0,20.0,17.0,1571.0,17.5,2.0,0.0,2.0,2.0,0.0,0.0,5.0,0.0,,Everton
Beto,GNB,FW,26.0,30.0,15.0,1534.0,17.0,8.0,0.0,8.0,8.0,0.0,0.0,2.0,0.0,,Everton
Dwight McNeil,ENG,MF,24.0,21.0,15.0,1371.0,15.2,4.0,6.0,10.0,4.0,0.0,0.0,1.0,0.0,FW,Everton
Jesper Lindstrøm,DEN,FW,24.0,25.0,15.0,1239.0,13.8,0.0,1.0,1.0,0.0,0.0,0.0,2.0,0.0,,Everton
Orel Mangala,BEL,MF,26.0,19.0,14.0,1261.0,14.0,1.0,0.0,1.0,1.0,0.0,0.0,2.0,0.0,,Everton
Michael Keane,ENG,DF,31.0,14.0,11.0,1049.0,11.7,3.0,0.0,3.0,3.0,0.0,0.0,5.0,0.0,,Everton
Carlos Alcaraz,ARG,FW,21.0,15.0,7.0,764.0,8.5,2.0,3.0,5.0,2.0,0.0,0.0,4.0,0.0,MF,Everton
Tim Iroegbunam,ENG,MF,21.0,18.0,5.0,574.0,6.4,0.0,1.0,1.0,0.0,0.0,0.0,4.0,0.0,,Everton
Armando Broja,ALB,FW,22.0,10.0,4.0,334.0,3.7,0.0,0.0,0.0,0.0,0.0,0.0,1.0,0.0,,Everton
Nathan Patterson,SCO,DF,22.0,10.0,3.0,347.0,3.9,0.0,1.0,1.0,0.0,0.0,0.0,1.0,0.0,,Everton
Séamus Coleman,IRL,DF,35.0,5.0,3.0,215.0,2.4,0.0,0.0,0.0,0.0,0.0,0.0,1.0,0.0,,Everton
Roman Dixon,ENG,DF,19.0,1.0,1.0,90.0,1.0,0.0,0.0,0.0,0.0,0.0,0.0,0.0,0.0,,Everton
Harrison Armstrong,ENG,MF,17.0,3.0,0.0,48.0,0.5,0.0,0.0,0.0,0.0,0.0,0.0,1.0,0.0,,Everton
Youssef Chermiti,POR,FW,20.0,4.0,0.0,45.0,0.5,0.0,0.0,0.0,0.0,0.0,0.0,1.0,0.0,MF,Everton
Mason Holgate,JAM,FW,27.0,1.0,0.0,6.0,0.1,0.0,0.0,0.0,0.0,0.0,0.0,0.0,0.0,DF,Everton
Callum Bates,ENG,MF,18.0,0.0,0.0,0.0,0.0,0.0,0.0,0.0,0.0,0.0,0.0,0.0,0.0,,Everton
Asmir Begović,BIH,GK,37.0,0.0,0.0,0.0,0.0,0.0,0.0,0.0,0.0,0.0,0.0,0.0,0.0,,Everton
Coby Ebere,GER,MF,18.0,0.0,0.0,0.0,0.0,0.0,0.0,0.0,0.0,0.0,0.0,0.0,0.0,,Everton
Isaac Heath,ENG,MF,19.0,0.0,0.0,0.0,0.0,0.0,0.0,0.0,0.0,0.0,0.0,0.0,0.0,,Everton
Neal Maupay,FRA,FW,27.0,0.0,0.0,0.0,0.0,0.0,0.0,0.0,0.0,0.0,0.0,0.0,0.0,MF,Everton
Jenson Metcalfe,ENG,MF,19.0,0.0,0.0,0.0,0.0,0.0,0.0,0.0,0.0,0.0,0.0,0.0,0.0,,Everton
Martin Sherif,NED,FW,18.0,0.0,0.0,0.0,0.0,0.0,0.0,0.0,0.0,0.0,0.0,0.0,0.0,,Everton
João Virgínia,POR,GK,24.0,0.0,0.0,0.0,0.0,0.0,0.0,0.0,0.0,0.0,0.0,0.0,0.0,,Everton
Reece Welch,ENG,DF,20.0,0.0,0.0,0.0,0.0,0.0,0.0,0.0,0.0,0.0,0.0,0.0,0.0,,Everton
Bernd Leno,GER,GK,32.0,38.0,38.0,3420.0,38.0,0.0,1.0,1.0,0.0,0.0,0.0,5.0,0.0,,Fulham
Antonee Robinson,USA,DF,26.0,36.0,35.0,3167.0,35.2,0.0,10.0,10.0,0.0,0.0,0.0,8.0,0.0,,Fulham
Alex Iwobi,NGA,FW,28.0,38.0,35.0,2981.0,33.1,9.0,6.0,15.0,9.0,0.0,0.0,1.0,0.0,MF,Fulham
Calvin Bassey,NGA,DF,24.0,35.0,34.0,3074.0,34.2,1.0,0.0,1.0,1.0,0.0,0.0,7.0,0.0,,Fulham
Raúl Jiménez,MEX,FW,33.0,38.0,30.0,2494.0,27.7,12.0,3.0,15.0,9.0,3.0,3.0,4.0,0.0,,Fulham
Joachim Andersen,DEN,DF,28.0,29.0,29.0,2583.0,28.7,0.0,0.0,0.0,0.0,0.0,0.0,6.0,1.0,,Fulham
Saša Lukić,SRB,MF,27.0,30.0,28.0,2344.0,26.0,0.0,2.0,2.0,0.0,0.0,0.0,12.0,0.0,,Fulham
Sander Berge,NOR,MF,26.0,31.0,26.0,2224.0,24.7,0.0,0.0,0.0,0.0,0.0,0.0,6.0,0.0,,Fulham
Emile Smith Rowe,ENG,MF,24.0,34.0,25.0,2043.0,22.7,6.0,3.0,9.0,6.0,0.0,0.0,3.0,0.0,,Fulham
Andreas Pereira,BRA,MF,28.0,33.0,25.0,2013.0,22.4,2.0,4.0,6.0,2.0,0.0,1.0,7.0,0.0,,Fulham
Kenny Tete,NED,DF,28.0,22.0,21.0,1774.0,19.7,0.0,2.0,2.0,0.0,0.0,0.0,5.0,0.0,,Fulham
Adama Traoré,ESP,FW,28.0,36.0,18.0,1772.0,19.7,2.0,7.0,9.0,2.0,0.0,0.0,3.0,0.0,MF,Fulham
Timothy Castagne,BEL,DF,28.0,24.0,17.0,1649.0,18.3,0.0,1.0,1.0,0.0,0.0,0.0,1.0,0.0,,Fulham
Issa Diop,FRA,DF,27.0,21.0,15.0,1339.0,14.9,0.0,0.0,0.0,0.0,0.0,0.0,2.0,0.0,,Fulham
Harry Wilson,WAL,FW,27.0,25.0,12.0,1162.0,12.9,6.0,1.0,7.0,6.0,0.0,0.0,2.0,0.0,MF,Fulham
Rodrigo Muniz,BRA,FW,23.0,31.0,8.0,964.0,10.7,8.0,1.0,9.0,8.0,0.0,0.0,1.0,0.0,,Fulham
Ryan Sessegnon,ENG,FW,24.0,16.0,7.0,580.0,6.4,4.0,2.0,6.0,4.0,0.0,0.0,1.0,0.0,DF,Fulham
Reiss Nelson,ENG,FW,24.0,11.0,5.0,487.0,5.4,1.0,1.0,2.0,1.0,0.0,0.0,1.0,0.0,,Fulham
Jorge Cuenca,ESP,DF,24.0,8.0,4.0,351.0,3.9,0.0,0.0,0.0,0.0,0.0,0.0,0.0,0.0,,Fulham
Tom Cairney,SCO,MF,33.0,25.0,3.0,628.0,7.0,2.0,0.0,2.0,2.0,0.0,0.0,3.0,1.0,,Fulham
Willian,BRA,FW,35.0,10.0,2.0,257.0,2.9,0.0,0.0,0.0,0.0,0.0,0.0,0.0,0.0,MF,Fulham
Joshua King,ENG,MF,17.0,8.0,1.0,130.0,1.4,0.0,0.0,0.0,0.0,0.0,0.0,0.0,0.0,,Fulham
Harrison Reed,ENG,MF,29.0,12.0,0.0,108.0,1.2,0.0,0.0,0.0,0.0,0.0,0.0,2.0,0.0,,Fulham
Martial Godo,ENG,FW,21.0,2.0,0.0,24.0,0.3,0.0,0.0,0.0,0.0,0.0,0.0,0.0,0.0,DF,Fulham
Carlos Vinícius,BRA,MF,29.0,3.0,0.0,16.0,0.2,0.0,0.0,0.0,0.0,0.0,0.0,0.0,0.0,FW,Fulham
Jay Stansfield,ENG,MF,21.0,1.0,0.0,1.0,0.0,0.0,0.0,0.0,0.0,0.0,0.0,0.0,0.0,,Fulham
Samuel Amissah,ENG,DF,17.0,0.0,0.0,0.0,0.0,0.0,0.0,0.0,0.0,0.0,0.0,0.0,0.0,,Fulham
Steven Benda,GER,GK,25.0,0.0,0.0,0.0,0.0,0.0,0.0,0.0,0.0,0.0,0.0,0.0,0.0,,Fulham
Dara O'Shea,IRL,DF,25.0,35.0,35.0,3122.0,34.7,0.0,2.0,2.0,0.0,0.0,0.0,6.0,0.0,,Ipswich Town
Leif Davis,ENG,DF,24.0,33.0,32.0,2743.0,30.5,1.0,2.0,3.0,1.0,0.0,0.0,5.0,1.0,,Ipswich Town
Liam Delap,ENG,FW,21.0,37.0,32.0,2593.0,28.8,12.0,2.0,14.0,10.0,2.0,2.0,12.0,0.0,,Ipswich Town
Sam Morsy,EGY,MF,32.0,33.0,31.0,2751.0,30.6,1.0,1.0,2.0,1.0,0.0,0.0,10.0,0.0,,Ipswich Town
Omari Hutchinson,ENG,MF,20.0,31.0,30.0,2583.0,28.7,3.0,2.0,5.0,3.0,0.0,0.0,5.0,0.0,FW,Ipswich Town
Jacob Greaves,ENG,DF,23.0,25.0,25.0,2205.0,24.5,1.0,0.0,1.0,1.0,0.0,0.0,5.0,0.0,,Ipswich Town
Jens Cajuste,SWE,MF,24.0,30.0,25.0,1959.0,21.8,1.0,1.0,2.0,1.0,0.0,0.0,2.0,0.0,,Ipswich Town
Axel Tuanzebe,COD,DF,26.0,22.0,20.0,1710.0,19.0,0.0,1.0,1.0,0.0,0.0,0.0,5.0,1.0,,Ipswich Town
Arijanet Muric,KVX,GK,25.0,18.0,18.0,1620.0,18.0,0.0,0.0,0.0,0.0,0.0,0.0,1.0,0.0,,Ipswich Town
Cameron Burgess,AUS,DF,28.0,18.0,16.0,1541.0,17.1,0.0,2.0,2.0,0.0,0.0,0.0,0.0,0.0,,Ipswich Town
Ben Johnson,ENG,DF,24.0,23.0,14.0,1354.0,15.0,1.0,2.0,3.0,1.0,0.0,0.0,5.0,1.0,FW,Ipswich Town
Kalvin Phillips,ENG,MF,28.0,19.0,14.0,1237.0,13.7,0.0,0.0,0.0,0.0,0.0,0.0,6.0,1.0,,Ipswich Town
Alex Palmer,ENG,GK,27.0,13.0,13.0,1170.0,13.0,0.0,0.0,0.0,0.0,0.0,0.0,2.0,0.0,,Ipswich Town
Sammie Szmodics,IRL,FW,28.0,20.0,13.0,992.0,11.0,4.0,0.0,4.0,4.0,0.0,0.0,2.0,0.0,MF,Ipswich Town
Luke Woolfenden,ENG,DF,25.0,15.0,12.0,1187.0,13.2,0.0,0.0,0.0,0.0,0.0,0.0,2.0,0.0,,Ipswich Town
,,Performance,0.0,0.0,0.0,0.0,0.0,0.0,0.0,0.0,0.0,0.0,0.0,0.0,0.0,,Ipswich Town
Jack Clarke,ENG,FW,23.0,32.0,12.0,1181.0,13.1,0.0,4.0,4.0,0.0,0.0,0.0,2.0,0.0,MF,Ipswich Town
Wes Burns,WAL,FW,29.0,18.0,12.0,926.0,10.3,0.0,1.0,1.0,0.0,0.0,0.0,1.0,0.0,DF,Ipswich Town
Julio Enciso,PAR,MF,20.0,13.0,12.0,869.0,9.7,2.0,3.0,5.0,2.0,0.0,0.0,3.0,0.0,FW,Ipswich Town
Conor Chaplin,ENG,MF,27.0,22.0,10.0,857.0,9.5,1.0,1.0,2.0,1.0,0.0,0.0,2.0,0.0,FW,Ipswich Town
Nathan Broadhead,WAL,MF,26.0,18.0,7.0,702.0,7.8,2.0,0.0,2.0,2.0,0.0,0.0,1.0,0.0,FW,Ipswich Town
Christian Walton,ENG,GK,28.0,7.0,7.0,630.0,7.0,0.0,0.0,0.0,0.0,0.0,0.0,0.0,0.0,,Ipswich Town
George Hirst,SCO,FW,25.0,26.0,5.0,661.0,7.3,3.0,1.0,4.0,3.0,0.0,0.0,3.0,0.0,,Ipswich Town
Jaden Philogene Bidace,ENG,FW,22.0,10.0,5.0,474.0,5.3,2.0,0.0,2.0,2.0,0.0,0.0,1.0,0.0,DF,Ipswich Town
Jack Taylor,IRL,MF,26.0,32.0,4.0,860.0,9.6,1.0,0.0,1.0,1.0,0.0,0.0,4.0,0.0,,Ipswich Town
Harry Clarke,ENG,DF,23.0,7.0,4.0,379.0,4.2,0.0,0.0,0.0,0.0,0.0,0.0,3.0,1.0,,Ipswich Town
Conor Townsend,ENG,DF,31.0,6.0,3.0,335.0,3.7,0.0,1.0,1.0,0.0,0.0,0.0,1.0,0.0,,Ipswich Town
Chiedozie Ogbene,IRL,FW,27.0,5.0,3.0,238.0,2.6,0.0,0.0,0.0,0.0,0.0,0.0,0.0,0.0,,Ipswich Town
Massimo Luongo,AUS,MF,31.0,11.0,2.0,201.0,2.2,0.0,0.0,0.0,0.0,0.0,0.0,0.0,0.0,,Ipswich Town
Ben Godfrey,ENG,DF,26.0,3.0,2.0,159.0,1.8,0.0,0.0,0.0,0.0,0.0,0.0,1.0,0.0,,Ipswich Town
Ali Al Hamadi,IRQ,FW,22.0,11.0,0.0,134.0,1.5,0.0,0.0,0.0,0.0,0.0,0.0,3.0,0.0,,Ipswich Town
Marcus Harness,ENG,MF,28.0,2.0,0.0,45.0,0.5,0.0,0.0,0.0,0.0,0.0,0.0,0.0,0.0,,Ipswich Town
George Edmundson,ENG,DF,26.0,1.0,0.0,2.0,0.0,0.0,0.0,0.0,0.0,0.0,0.0,0.0,0.0,,Ipswich Town
Somto Boniface,ENG,DF,18.0,0.0,0.0,0.0,0.0,0.0,0.0,0.0,0.0,0.0,0.0,0.0,0.0,,Ipswich Town
Cieran Slicker,SCO,GK,21.0,0.0,0.0,0.0,0.0,0.0,0.0,0.0,0.0,0.0,0.0,0.0,0.0,,Ipswich Town
Tom Taylor,,MF,0.0,0.0,0.0,0.0,0.0,0.0,0.0,0.0,0.0,0.0,0.0,0.0,0.0,,Ipswich Town
Jamie Vardy,ENG,FW,37.0,35.0,35.0,2823.0,31.4,9.0,4.0,13.0,8.0,1.0,2.0,5.0,0.0,,Leicester City
James Justin,ENG,DF,26.0,36.0,34.0,2912.0,32.4,2.0,2.0,4.0,2.0,0.0,0.0,6.0,0.0,,Leicester City
Wout Faes,BEL,DF,26.0,34.0,30.0,2815.0,31.3,1.0,0.0,1.0,1.0,0.0,0.0,4.0,0.0,,Leicester City
Victor Bernth Kristiansen,DEN,DF,21.0,30.0,29.0,2482.0,27.6,0.0,1.0,1.0,0.0,0.0,0.0,1.0,0.0,,Leicester City
Wilfred Ndidi,NGA,MF,27.0,28.0,28.0,2324.0,25.8,0.0,5.0,5.0,0.0,0.0,0.0,8.0,0.0,,Leicester City
Mads Hermansen,DEN,GK,24.0,27.0,27.0,2385.0,26.5,0.0,0.0,0.0,0.0,0.0,0.0,1.0,0.0,,Leicester City
Bilal El Khannouss,MAR,MF,20.0,32.0,27.0,2182.0,24.2,2.0,3.0,5.0,2.0,0.0,0.0,4.0,0.0,FW,Leicester City
Boubakary Soumaré,FRA,MF,25.0,31.0,25.0,2171.0,24.1,0.0,0.0,0.0,0.0,0.0,0.0,8.0,0.0,,Leicester City
Conor Coady,ENG,DF,31.0,22.0,19.0,1714.0,19.0,1.0,0.0,1.0,1.0,0.0,0.0,3.0,0.0,,Leicester City
Jordan Ayew,GHA,FW,32.0,30.0,19.0,1638.0,18.2,5.0,0.0,5.0,4.0,1.0,1.0,5.0,0.0,MF,Leicester City
Harry Winks,ENG,MF,28.0,22.0,17.0,1538.0,17.1,0.0,2.0,2.0,0.0,0.0,0.0,4.0,0.0,,Leicester City
Stephy Mavididi,ENG,FW,26.0,30.0,16.0,1615.0,17.9,4.0,1.0,5.0,4.0,0.0,0.0,2.0,0.0,,Leicester City
Jannik Vestergaard,DEN,DF,31.0,18.0,16.0,1391.0,15.5,0.0,0.0,0.0,0.0,0.0,0.0,5.0,0.0,,Leicester City
Facundo Buonanotte,ARG,FW,19.0,31.0,14.0,1523.0,16.9,5.0,2.0,7.0,5.0,0.0,0.0,8.0,0.0,MF,Leicester City
Luke Thomas,ENG,DF,23.0,14.0,13.0,1110.0,12.3,0.0,0.0,0.0,0.0,0.0,0.0,3.0,0.0,,Leicester City
Caleb Okoli,ITA,DF,23.0,19.0,12.0,1125.0,12.5,1.0,0.0,1.0,1.0,0.0,0.0,4.0,0.0,,Leicester City
Oliver Skipp,ENG,MF,23.0,24.0,10.0,1129.0,12.5,0.0,0.0,0.0,0.0,0.0,0.0,8.0,0.0,,Leicester City
Jakub Stolarczyk,POL,GK,23.0,10.0,10.0,900.0,10.0,0.0,0.0,0.0,0.0,0.0,0.0,1.0,0.0,,Leicester City
Kasey McAteer,IRL,FW,22.0,18.0,9.0,852.0,9.5,1.0,1.0,2.0,1.0,0.0,0.0,3.0,0.0,,Leicester City
Bobby De Cordova-Reid,JAM,FW,31.0,23.0,9.0,744.0,8.3,1.0,2.0,3.0,1.0,0.0,0.0,2.0,0.0,,Leicester City
Patson Daka,ZAM,FW,25.0,23.0,6.0,736.0,8.2,1.0,0.0,1.0,1.0,0.0,0.0,0.0,0.0,MF,Leicester City
Abdul Fatawu Issahaku,GHA,FW,20.0,11.0,6.0,579.0,6.4,0.0,2.0,2.0,0.0,0.0,0.0,0.0,0.0,,Leicester City
Ricardo Pereira,POR,DF,30.0,10.0,4.0,388.0,4.3,0.0,0.0,0.0,0.0,0.0,0.0,1.0,0.0,,Leicester City
Danny Ward,WAL,GK,31.0,2.0,1.0,135.0,1.5,0.0,0.0,0.0,0.0,0.0,0.0,0.0,0.0,,Leicester City
Hamza Choudhury,BAN,MF,26.0,4.0,1.0,131.0,1.5,0.0,0.0,0.0,0.0,0.0,0.0,0.0,0.0,DF,Leicester City
Woyo Coulibaly,MLI,DF,25.0,4.0,1.0,109.0,1.2,0.0,0.0,0.0,0.0,0.0,0.0,1.0,0.0,,Leicester City
Jeremy Monga,,FW,15.0,7.0,0.0,112.0,1.2,0.0,0.0,0.0,0.0,0.0,0.0,0.0,0.0,MF,Leicester City
Odsonne Édouard,FRA,FW,26.0,4.0,0.0,29.0,0.3,0.0,0.0,0.0,0.0,0.0,0.0,0.0,0.0,,Leicester City
Jake Evans,,FW,0.0,4.0,0.0,24.0,0.3,0.0,0.0,0.0,0.0,0.0,0.0,0.0,0.0,,Leicester City
Olabade Aluko,,DF,0.0,1.0,0.0,2.0,0.0,0.0,0.0,0.0,0.0,0.0,0.0,0.0,0.0,,Leicester City
Will Alves,ENG,FW,19.0,1.0,0.0,1.0,0.0,0.0,0.0,0.0,0.0,0.0,0.0,0.0,0.0,,Leicester City
Michael Golding,ENG,MF,18.0,1.0,0.0,1.0,0.0,0.0,0.0,0.0,0.0,0.0,0.0,0.0,0.0,,Leicester City
Sammy Braybrooke,ENG,MF,20.0,0.0,0.0,0.0,0.0,0.0,0.0,0.0,0.0,0.0,0.0,0.0,0.0,,Leicester City
Thomas Cannon,IRL,FW,21.0,0.0,0.0,0.0,0.0,0.0,0.0,0.0,0.0,0.0,0.0,0.0,0.0,,Leicester City
Henry Cartwright,ENG,MF,19.0,0.0,0.0,0.0,0.0,0.0,0.0,0.0,0.0,0.0,0.0,0.0,0.0,,Leicester City
Daniel Iversen,DEN,GK,27.0,0.0,0.0,0.0,0.0,0.0,0.0,0.0,0.0,0.0,0.0,0.0,0.0,,Leicester City
Benjamin Nelson,ENG,DF,20.0,0.0,0.0,0.0,0.0,0.0,0.0,0.0,0.0,0.0,0.0,0.0,0.0,,Leicester City
Thomas Wilson-Brown,ENG,DF,19.0,0.0,0.0,0.0,0.0,0.0,0.0,0.0,0.0,0.0,0.0,0.0,0.0,,Leicester City
Mohamed Salah,EGY,FW,32.0,38.0,38.0,3371.0,37.5,29.0,18.0,47.0,20.0,9.0,9.0,1.0,0.0,,Liverpool
Virgil van Dijk,NED,DF,33.0,37.0,37.0,3330.0,37.0,3.0,1.0,4.0,3.0,0.0,0.0,5.0,0.0,,Liverpool
Ryan Gravenberch,NED,MF,22.0,37.0,37.0,3160.0,35.1,0.0,4.0,4.0,0.0,0.0,0.0,6.0,1.0,,Liverpool
Alexis Mac Allister,ARG,MF,25.0,35.0,30.0,2599.0,28.9,5.0,5.0,10.0,5.0,0.0,0.0,6.0,0.0,,Liverpool
Ibrahima Konaté,FRA,DF,25.0,31.0,30.0,2560.0,28.4,1.0,2.0,3.0,1.0,0.0,0.0,5.0,0.0,,Liverpool
Dominik Szoboszlai,HUN,MF,23.0,36.0,29.0,2491.0,27.7,6.0,6.0,12.0,6.0,0.0,0.0,6.0,0.0,,Liverpool
Andrew Robertson,SCO,DF,30.0,33.0,29.0,2482.0,27.6,0.0,1.0,1.0,0.0,0.0,0.0,3.0,1.0,,Liverpool
Alisson,BRA,GK,31.0,28.0,28.0,2508.0,27.9,0.0,0.0,0.0,0.0,0.0,0.0,0.0,0.0,,Liverpool
Luis Díaz,COL,FW,27.0,36.0,28.0,2399.0,26.7,13.0,5.0,18.0,13.0,0.0,0.0,2.0,0.0,,Liverpool
Trent Alexander-Arnold,ENG,DF,25.0,33.0,28.0,2365.0,26.3,3.0,6.0,9.0,3.0,0.0,0.0,5.0,0.0,,Liverpool
Cody Gakpo,NED,FW,25.0,35.0,23.0,1935.0,21.5,10.0,4.0,14.0,10.0,0.0,0.0,5.0,0.0,,Liverpool
Curtis Jones,ENG,MF,23.0,33.0,19.0,1712.0,19.0,3.0,3.0,6.0,3.0,0.0,0.0,3.0,1.0,DF,Liverpool
Diogo Jota,POR,FW,27.0,26.0,14.0,1196.0,13.3,6.0,3.0,9.0,6.0,0.0,0.0,2.0,0.0,,Liverpool
Caoimhín Kelleher,IRL,GK,25.0,10.0,10.0,900.0,10.0,0.0,0.0,0.0,0.0,0.0,0.0,0.0,0.0,,Liverpool
Kostas Tsimikas,GRE,DF,28.0,18.0,9.0,837.0,9.3,0.0,1.0,1.0,0.0,0.0,0.0,2.0,0.0,,Liverpool
Darwin Núñez,URU,FW,25.0,30.0,8.0,1133.0,12.6,5.0,2.0,7.0,5.0,0.0,0.0,8.0,0.0,,Liverpool
Conor Bradley,NIR,DF,21.0,19.0,7.0,754.0,8.4,0.0,2.0,2.0,0.0,0.0,0.0,4.0,0.0,,Liverpool
Joe Gomez,ENG,DF,27.0,9.0,6.0,519.0,5.8,0.0,0.0,0.0,0.0,0.0,0.0,1.0,0.0,,Liverpool
Jarell Quansah,ENG,DF,21.0,13.0,4.0,495.0,5.5,0.0,0.0,0.0,0.0,0.0,0.0,2.0,0.0,,Liverpool
Harvey Elliott,ENG,MF,21.0,18.0,2.0,371.0,4.1,1.0,2.0,3.0,1.0,0.0,0.0,1.0,0.0,,Liverpool
Wataru Endo,JPN,MF,31.0,20.0,1.0,273.0,3.0,0.0,0.0,0.0,0.0,0.0,0.0,0.0,0.0,DF,Liverpool
Federico Chiesa,ITA,FW,26.0,6.0,1.0,108.0,1.2,0.0,0.0,0.0,0.0,0.0,0.0,0.0,0.0,,Liverpool
Vitezslav Jaros,CZE,GK,23.0,1.0,0.0,12.0,0.1,0.0,0.0,0.0,0.0,0.0,0.0,0.0,0.0,,Liverpool
Jayden Danns,ENG,MF,18.0,1.0,0.0,11.0,0.1,0.0,0.0,0.0,0.0,0.0,0.0,0.0,0.0,,Liverpool
Harvey Davies,ENG,GK,20.0,0.0,0.0,0.0,0.0,0.0,0.0,0.0,0.0,0.0,0.0,0.0,0.0,,Liverpool
James McConnell,ENG,MF,19.0,0.0,0.0,0.0,0.0,0.0,0.0,0.0,0.0,0.0,0.0,0.0,0.0,,Liverpool
Tyler Morton,ENG,MF,21.0,0.0,0.0,0.0,0.0,0.0,0.0,0.0,0.0,0.0,0.0,0.0,0.0,,Liverpool
Amara Nallo,ENG,DF,17.0,0.0,0.0,0.0,0.0,0.0,0.0,0.0,0.0,0.0,0.0,0.0,0.0,,Liverpool
Trey Nyoni,ENG,MF,17.0,0.0,0.0,0.0,0.0,0.0,0.0,0.0,0.0,0.0,0.0,0.0,0.0,,Liverpool
Joško Gvardiol,CRO,DF,22.0,37.0,36.0,3277.0,36.4,5.0,0.0,5.0,5.0,0.0,0.0,2.0,0.0,,Manchester City
Erling Haaland,NOR,FW,24.0,31.0,31.0,2736.0,30.4,22.0,3.0,25.0,19.0,3.0,4.0,2.0,0.0,,Manchester City
Bernardo Silva,POR,MF,29.0,33.0,29.0,2670.0,29.7,4.0,4.0,8.0,4.0,0.0,0.0,7.0,0.0,FW,Manchester City
Ederson,BRA,GK,30.0,26.0,26.0,2320.0,25.8,0.0,4.0,4.0,0.0,0.0,0.0,4.0,0.0,,Manchester City
Rúben Dias,POR,DF,27.0,27.0,25.0,2271.0,25.2,0.0,0.0,0.0,0.0,0.0,0.0,4.0,0.0,,Manchester City
İlkay Gündoğan,GER,MF,33.0,33.0,25.0,2223.0,24.7,1.0,6.0,7.0,1.0,0.0,0.0,1.0,0.0,,Manchester City
Mateo Kovačić,CRO,MF,30.0,31.0,25.0,2198.0,24.4,6.0,2.0,8.0,6.0,0.0,0.0,5.0,1.0,,Manchester City
Manuel Akanji,SUI,DF,29.0,26.0,23.0,2014.0,22.4,0.0,0.0,0.0,0.0,0.0,0.0,3.0,0.0,,Manchester City
Rico Lewis,ENG,DF,19.0,28.0,21.0,1893.0,21.0,1.0,2.0,3.0,1.0,0.0,0.0,5.0,1.0,MF,Manchester City
Sávio,BRA,FW,20.0,29.0,21.0,1766.0,19.6,1.0,8.0,9.0,1.0,0.0,0.0,3.0,0.0,MF,Manchester City
Phil Foden,ENG,MF,24.0,28.0,20.0,1777.0,19.7,7.0,2.0,9.0,7.0,0.0,0.0,2.0,0.0,FW,Manchester City
Kevin De Bruyne,BEL,MF,33.0,28.0,19.0,1702.0,18.9,4.0,7.0,11.0,4.0,0.0,0.0,2.0,0.0,FW,Manchester City
Matheus Nunes,POR,DF,25.0,26.0,19.0,1674.0,18.6,1.0,6.0,7.0,1.0,0.0,0.0,4.0,0.0,MF,Manchester City
Jeremy Doku,BEL,FW,22.0,29.0,16.0,1516.0,16.8,3.0,6.0,9.0,3.0,0.0,0.0,1.0,0.0,MF,Manchester City
Omar Marmoush,EGY,FW,25.0,16.0,14.0,1175.0,13.1,7.0,0.0,7.0,7.0,0.0,0.0,0.0,0.0,MF,Manchester City
,,Performance,0.0,0.0,0.0,0.0,0.0,0.0,0.0,0.0,0.0,0.0,0.0,0.0,0.0,,Manchester City
Stefan Ortega,GER,GK,31.0,13.0,12.0,1100.0,12.2,0.0,0.0,0.0,0.0,0.0,0.0,1.0,0.0,,Manchester City
Kyle Walker,ENG,DF,34.0,15.0,9.0,970.0,10.8,0.0,0.0,0.0,0.0,0.0,0.0,3.0,0.0,,Manchester City
Nicolás González,ESP,MF,22.0,11.0,9.0,760.0,8.4,1.0,0.0,1.0,1.0,0.0,0.0,3.0,0.0,,Manchester City
Nathan Aké,NED,DF,29.0,10.0,8.0,678.0,7.5,0.0,0.0,0.0,0.0,0.0,0.0,0.0,0.0,,Manchester City
Jack Grealish,ENG,FW,28.0,20.0,7.0,721.0,8.0,1.0,1.0,2.0,1.0,0.0,0.0,3.0,0.0,MF,Manchester City
John Stones,ENG,DF,30.0,11.0,6.0,548.0,6.1,2.0,0.0,2.0,2.0,0.0,0.0,1.0,0.0,MF,Manchester City
Nico O’Reilly,ENG,DF,19.0,9.0,6.0,528.0,5.9,2.0,0.0,2.0,2.0,0.0,0.0,0.0,0.0,,Manchester City
Abdukodir Khusanov,UZB,DF,20.0,6.0,6.0,503.0,5.6,0.0,0.0,0.0,0.0,0.0,0.0,1.0,0.0,,Manchester City
James Mcatee,ENG,MF,21.0,15.0,3.0,349.0,3.9,3.0,0.0,3.0,3.0,0.0,0.0,1.0,0.0,FW,Manchester City
Jahmai Simpson-Pusey,ENG,DF,18.0,2.0,1.0,96.0,1.1,0.0,0.0,0.0,0.0,0.0,0.0,1.0,0.0,,Manchester City
Rodri,ESP,MF,28.0,3.0,1.0,73.0,0.8,0.0,0.0,0.0,0.0,0.0,0.0,0.0,0.0,,Manchester City
Divin Mubama,ENG,FW,19.0,1.0,0.0,28.0,0.3,0.0,0.0,0.0,0.0,0.0,0.0,0.0,0.0,,Manchester City
Oscar Bobb,NOR,FW,21.0,3.0,0.0,16.0,0.2,0.0,0.0,0.0,0.0,0.0,0.0,0.0,0.0,,Manchester City
Claudio Echeverri,ARG,FW,18.0,1.0,0.0,6.0,0.1,0.0,0.0,0.0,0.0,0.0,0.0,0.0,0.0,,Manchester City
Vitor Reis,BRA,DF,18.0,1.0,0.0,1.0,0.0,0.0,0.0,0.0,0.0,0.0,0.0,0.0,0.0,,Manchester City
,,Performance,0.0,0.0,0.0,0.0,0.0,0.0,0.0,0.0,0.0,0.0,0.0,0.0,0.0,,Manchester City
Max Alleyne,ENG,DF,19.0,0.0,0.0,0.0,0.0,0.0,0.0,0.0,0.0,0.0,0.0,0.0,0.0,,Manchester City
Thorsten Brits,ENG,GK,17.0,0.0,0.0,0.0,0.0,0.0,0.0,0.0,0.0,0.0,0.0,0.0,0.0,,Manchester City
Scott Carson,ENG,GK,38.0,0.0,0.0,0.0,0.0,0.0,0.0,0.0,0.0,0.0,0.0,0.0,0.0,,Manchester City
Issa Kaboré,BFA,DF,23.0,0.0,0.0,0.0,0.0,0.0,0.0,0.0,0.0,0.0,0.0,0.0,0.0,MF,Manchester City
Josh Wilson-Esbrand,ENG,DF,21.0,0.0,0.0,0.0,0.0,0.0,0.0,0.0,0.0,0.0,0.0,0.0,0.0,,Manchester City
Jacob Wright,ENG,MF,18.0,0.0,0.0,0.0,0.0,0.0,0.0,0.0,0.0,0.0,0.0,0.0,0.0,,Manchester City
Bruno Fernandes,POR,MF,29.0,36.0,35.0,3018.0,33.5,8.0,10.0,18.0,5.0,3.0,3.0,5.0,2.0,,Manchester Utd
André Onana,CMR,GK,28.0,34.0,34.0,3060.0,34.0,0.0,0.0,0.0,0.0,0.0,0.0,0.0,0.0,,Manchester Utd
Noussair Mazraoui,MAR,DF,26.0,37.0,34.0,2838.0,31.5,0.0,1.0,1.0,0.0,0.0,0.0,3.0,0.0,,Manchester Utd
Diogo Dalot,POR,DF,25.0,33.0,31.0,2814.0,31.3,0.0,3.0,3.0,0.0,0.0,0.0,5.0,0.0,,Manchester Utd
Matthijs de Ligt,NED,DF,24.0,29.0,25.0,2123.0,23.6,2.0,0.0,2.0,2.0,0.0,0.0,3.0,0.0,,Manchester Utd
Alejandro Garnacho,ARG,MF,20.0,36.0,23.0,2199.0,24.4,6.0,2.0,8.0,6.0,0.0,0.0,3.0,0.0,FW,Manchester Utd
Rasmus Højlund,DEN,FW,21.0,32.0,23.0,2004.0,22.3,4.0,0.0,4.0,4.0,0.0,0.0,2.0,0.0,,Manchester Utd
Manuel Ugarte,URU,MF,23.0,29.0,22.0,1785.0,19.8,1.0,2.0,3.0,1.0,0.0,0.0,11.0,0.0,,Manchester Utd
Amad Diallo,CIV,MF,22.0,26.0,20.0,1901.0,21.1,8.0,6.0,14.0,8.0,0.0,0.0,5.0,0.0,FW,Manchester Utd
Lisandro Martínez,ARG,DF,26.0,20.0,20.0,1751.0,19.5,2.0,1.0,3.0,2.0,0.0,0.0,7.0,0.0,,Manchester Utd
Harry Maguire,ENG,DF,31.0,27.0,19.0,1758.0,19.5,1.0,0.0,1.0,1.0,0.0,0.0,7.0,0.0,,Manchester Utd
Kobbie Mainoo,ENG,MF,19.0,25.0,19.0,1651.0,18.3,0.0,0.0,0.0,0.0,0.0,0.0,5.0,0.0,,Manchester Utd
Casemiro,BRA,MF,32.0,24.0,18.0,1494.0,16.6,1.0,0.0,1.0,1.0,0.0,0.0,5.0,0.0,,Manchester Utd
Joshua Zirkzee,NED,FW,23.0,32.0,14.0,1402.0,15.6,3.0,1.0,4.0,3.0,0.0,0.0,2.0,0.0,MF,Manchester Utd
Leny Yoro,FRA,DF,18.0,21.0,12.0,1165.0,12.9,0.0,0.0,0.0,0.0,0.0,0.0,5.0,0.0,,Manchester Utd
Marcus Rashford,ENG,FW,26.0,15.0,12.0,978.0,10.9,4.0,1.0,5.0,4.0,0.0,0.0,2.0,0.0,MF,Manchester Utd
Christian Eriksen,DEN,MF,32.0,23.0,11.0,1061.0,11.8,1.0,2.0,3.0,0.0,1.0,1.0,4.0,0.0,,Manchester Utd
Patrick Dorgu,DEN,DF,19.0,12.0,10.0,842.0,9.4,0.0,0.0,0.0,0.0,0.0,0.0,3.0,1.0,,Manchester Utd
Mason Mount,ENG,MF,25.0,17.0,8.0,622.0,6.9,1.0,0.0,1.0,1.0,0.0,0.0,3.0,0.0,,Manchester Utd
Victor Lindelöf,SWE,DF,30.0,16.0,6.0,704.0,7.8,0.0,0.0,0.0,0.0,0.0,0.0,1.0,0.0,,Manchester Utd
Altay Bayındır,TUR,GK,26.0,4.0,4.0,360.0,4.0,0.0,0.0,0.0,0.0,0.0,0.0,0.0,0.0,,Manchester Utd
Luke Shaw,ENG,DF,29.0,7.0,4.0,349.0,3.9,0.0,0.0,0.0,0.0,0.0,0.0,1.0,0.0,,Manchester Utd
Harry Amass,ENG,DF,17.0,5.0,4.0,346.0,3.8,0.0,0.0,0.0,0.0,0.0,0.0,0.0,0.0,,Manchester Utd
Jonny Evans,NIR,DF,36.0,7.0,3.0,315.0,3.5,0.0,0.0,0.0,0.0,0.0,0.0,1.0,0.0,,Manchester Utd
Ayden Heaven,ENG,DF,17.0,4.0,2.0,170.0,1.9,0.0,0.0,0.0,0.0,0.0,0.0,1.0,0.0,,Manchester Utd
Tyler Fredricson,ENG,DF,19.0,2.0,2.0,165.0,1.8,0.0,0.0,0.0,0.0,0.0,0.0,0.0,0.0,,Manchester Utd
Tyrell Malacia,NED,DF,24.0,3.0,2.0,100.0,1.1,0.0,0.0,0.0,0.0,0.0,0.0,1.0,0.0,,Manchester Utd
Chidozie Obi-Martin,DEN,FW,16.0,7.0,1.0,165.0,1.8,0.0,0.0,0.0,0.0,0.0,0.0,1.0,0.0,,Manchester Utd
Toby Collyer,ENG,MF,20.0,6.0,0.0,179.0,2.0,0.0,0.0,0.0,0.0,0.0,0.0,0.0,0.0,,Manchester Utd
Antony,BRA,DF,24.0,8.0,0.0,141.0,1.6,0.0,0.0,0.0,0.0,0.0,0.0,0.0,0.0,MF,Manchester Utd
Scott McTominay,SCO,MF,27.0,2.0,0.0,19.0,0.2,0.0,0.0,0.0,0.0,0.0,0.0,0.0,0.0,,Manchester Utd
Jayce Fitzgerald,ENG,MF,17.0,0.0,0.0,0.0,0.0,0.0,0.0,0.0,0.0,0.0,0.0,0.0,0.0,,Manchester Utd
Jack Fletcher,ENG,MF,17.0,0.0,0.0,0.0,0.0,0.0,0.0,0.0,0.0,0.0,0.0,0.0,0.0,,Manchester Utd
Hubert Graczyk,POL,GK,21.0,0.0,0.0,0.0,0.0,0.0,0.0,0.0,0.0,0.0,0.0,0.0,0.0,,Manchester Utd
Elyh Harrison,ENG,GK,18.0,0.0,0.0,0.0,0.0,0.0,0.0,0.0,0.0,0.0,0.0,0.0,0.0,,Manchester Utd
Tom Heaton,ENG,GK,38.0,0.0,0.0,0.0,0.0,0.0,0.0,0.0,0.0,0.0,0.0,0.0,0.0,,Manchester Utd
Sekou Koné,MLI,MF,18.0,0.0,0.0,0.0,0.0,0.0,0.0,0.0,0.0,0.0,0.0,0.0,0.0,,Manchester Utd
Godwill Kukonki,ENG,DF,16.0,0.0,0.0,0.0,0.0,0.0,0.0,0.0,0.0,0.0,0.0,0.0,0.0,,Manchester Utd
Dermot Mee,NIR,GK,21.0,0.0,0.0,0.0,0.0,0.0,0.0,0.0,0.0,0.0,0.0,0.0,0.0,,Manchester Utd
Jack Moorhouse,ENG,MF,18.0,0.0,0.0,0.0,0.0,0.0,0.0,0.0,0.0,0.0,0.0,0.0,0.0,,Manchester Utd
Ethan Wheatley,ENG,FW,18.0,0.0,0.0,0.0,0.0,0.0,0.0,0.0,0.0,0.0,0.0,0.0,0.0,,Manchester Utd
Bruno Guimarães,BRA,MF,26.0,38.0,38.0,3271.0,36.3,5.0,6.0,11.0,5.0,0.0,0.0,7.0,0.0,,Newcastle Utd
Dan Burn,ENG,DF,32.0,37.0,37.0,3330.0,37.0,1.0,1.0,2.0,1.0,0.0,0.0,11.0,0.0,,Newcastle Utd
Alexander Isak,SWE,FW,24.0,34.0,34.0,2756.0,30.6,23.0,6.0,29.0,19.0,4.0,4.0,1.0,0.0,,Newcastle Utd
Fabian Schär,SUI,DF,32.0,34.0,33.0,2934.0,32.6,4.0,0.0,4.0,4.0,0.0,0.0,9.0,1.0,,Newcastle Utd
Valentino Livramento,ENG,DF,21.0,37.0,32.0,2840.0,31.6,0.0,1.0,1.0,0.0,0.0,0.0,1.0,0.0,,Newcastle Utd
Jacob Murphy,ENG,FW,29.0,35.0,31.0,2360.0,26.2,8.0,12.0,20.0,8.0,0.0,0.0,4.0,0.0,,Newcastle Utd
Joelinton,BRA,MF,27.0,29.0,29.0,2393.0,26.6,4.0,3.0,7.0,4.0,0.0,0.0,10.0,0.0,FW,Newcastle Utd
Sandro Tonali,ITA,MF,24.0,36.0,28.0,2630.0,29.2,4.0,2.0,6.0,4.0,0.0,0.0,5.0,0.0,,Newcastle Utd
Nick Pope,ENG,GK,32.0,28.0,28.0,2520.0,28.0,0.0,0.0,0.0,0.0,0.0,0.0,2.0,0.0,,Newcastle Utd
Anthony Gordon,ENG,FW,23.0,34.0,28.0,2434.0,27.0,6.0,5.0,11.0,5.0,1.0,2.0,2.0,0.0,MF,Newcastle Utd
Lewis Hall,ENG,DF,19.0,27.0,24.0,2189.0,24.3,0.0,4.0,4.0,0.0,0.0,0.0,3.0,0.0,,Newcastle Utd
Harvey Barnes,ENG,FW,26.0,33.0,17.0,1755.0,19.5,9.0,4.0,13.0,9.0,0.0,0.0,0.0,0.0,,Newcastle Utd
Kieran Trippier,ENG,DF,33.0,25.0,14.0,1309.0,14.5,0.0,3.0,3.0,0.0,0.0,0.0,1.0,0.0,,Newcastle Utd
Joe Willock,ENG,MF,24.0,32.0,11.0,1086.0,12.1,0.0,2.0,2.0,0.0,0.0,0.0,4.0,0.0,FW,Newcastle Utd
Martin Dúbravka,SVK,GK,35.0,10.0,10.0,900.0,10.0,0.0,0.0,0.0,0.0,0.0,0.0,0.0,0.0,,Newcastle Utd
Sean Longstaff,ENG,MF,26.0,25.0,8.0,798.0,8.9,0.0,0.0,0.0,0.0,0.0,0.0,2.0,0.0,,Newcastle Utd
Sven Botman,NED,DF,24.0,8.0,6.0,412.0,4.6,0.0,0.0,0.0,0.0,0.0,0.0,1.0,0.0,,Newcastle Utd
Lloyd Kelly,ENG,DF,25.0,10.0,4.0,303.0,3.4,0.0,1.0,1.0,0.0,0.0,0.0,2.0,0.0,,Newcastle Utd
Callum Wilson,ENG,FW,32.0,18.0,2.0,370.0,4.1,0.0,0.0,0.0,0.0,0.0,0.0,1.0,0.0,,Newcastle Utd
Emil Krafth,SWE,DF,29.0,12.0,2.0,342.0,3.8,0.0,0.0,0.0,0.0,0.0,0.0,2.0,0.0,,Newcastle Utd
Lewis Miley,ENG,MF,18.0,14.0,1.0,313.0,3.5,1.0,0.0,1.0,1.0,0.0,0.0,0.0,0.0,,Newcastle Utd
Miguel Almirón,PAR,FW,30.0,9.0,1.0,157.0,1.7,0.0,0.0,0.0,0.0,0.0,0.0,0.0,0.0,,Newcastle Utd
William Osula,DEN,FW,20.0,14.0,0.0,134.0,1.5,1.0,0.0,1.0,1.0,0.0,0.0,0.0,0.0,,Newcastle Utd
Matt Targett,ENG,DF,28.0,2.0,0.0,21.0,0.2,0.0,0.0,0.0,0.0,0.0,0.0,0.0,0.0,,Newcastle Utd
Jamaal Lascelles,ENG,DF,30.0,0.0,0.0,0.0,0.0,0.0,0.0,0.0,0.0,0.0,0.0,0.0,0.0,,Newcastle Utd
Alex Murphy,IRL,DF,20.0,0.0,0.0,0.0,0.0,0.0,0.0,0.0,0.0,0.0,0.0,0.0,0.0,,Newcastle Utd
Sean Neave,ENG,FW,17.0,0.0,0.0,0.0,0.0,0.0,0.0,0.0,0.0,0.0,0.0,0.0,0.0,,Newcastle Utd
John Ruddy,ENG,GK,37.0,0.0,0.0,0.0,0.0,0.0,0.0,0.0,0.0,0.0,0.0,0.0,0.0,,Newcastle Utd
Leo Shahar,ENG,DF,17.0,0.0,0.0,0.0,0.0,0.0,0.0,0.0,0.0,0.0,0.0,0.0,0.0,,Newcastle Utd
Odysseas Vlachodimos,GRE,GK,30.0,0.0,0.0,0.0,0.0,0.0,0.0,0.0,0.0,0.0,0.0,0.0,0.0,,Newcastle Utd
Matz Sels,BEL,GK,32.0,38.0,38.0,3420.0,38.0,0.0,0.0,0.0,0.0,0.0,0.0,4.0,0.0,,Nott'ham Forest
Nikola Milenković,SRB,DF,26.0,37.0,37.0,3330.0,37.0,5.0,2.0,7.0,5.0,0.0,0.0,4.0,0.0,,Nott'ham Forest
Murillo,BRA,DF,22.0,36.0,36.0,3188.0,35.4,2.0,0.0,2.0,2.0,0.0,0.0,6.0,0.0,,Nott'ham Forest
Ola Aina,NGA,DF,27.0,35.0,35.0,2995.0,33.3,2.0,1.0,3.0,2.0,0.0,0.0,5.0,0.0,,Nott'ham Forest
Chris Wood,NZL,FW,32.0,36.0,35.0,2959.0,32.9,20.0,3.0,23.0,17.0,3.0,3.0,1.0,0.0,,Nott'ham Forest
Morgan Gibbs-White,ENG,MF,24.0,34.0,34.0,2803.0,31.1,7.0,8.0,15.0,7.0,0.0,0.0,11.0,1.0,,Nott'ham Forest
Elliot Anderson,ENG,MF,21.0,37.0,33.0,2728.0,30.3,2.0,6.0,8.0,2.0,0.0,0.0,10.0,0.0,,Nott'ham Forest
Anthony Elanga,SWE,FW,22.0,38.0,31.0,2501.0,27.8,6.0,11.0,17.0,6.0,0.0,0.0,1.0,0.0,MF,Nott'ham Forest
Neco Williams,WAL,DF,23.0,35.0,28.0,2594.0,28.8,1.0,3.0,4.0,1.0,0.0,0.0,7.0,0.0,,Nott'ham Forest
Callum Hudson-Odoi,ENG,FW,23.0,31.0,25.0,2194.0,24.4,5.0,2.0,7.0,5.0,0.0,0.0,2.0,0.0,MF,Nott'ham Forest
Nicolás Domínguez,ARG,MF,26.0,34.0,23.0,1963.0,21.8,0.0,1.0,1.0,0.0,0.0,0.0,9.0,0.0,FW,Nott'ham Forest
Ryan Yates,ENG,MF,26.0,35.0,18.0,1915.0,21.3,2.0,1.0,3.0,2.0,0.0,0.0,10.0,0.0,,Nott'ham Forest
Álex Moreno,ESP,DF,31.0,15.0,11.0,955.0,10.6,0.0,1.0,1.0,0.0,0.0,0.0,2.0,0.0,MF,Nott'ham Forest
Ibrahim Sangaré,CIV,MF,26.0,13.0,7.0,590.0,6.6,0.0,1.0,1.0,0.0,0.0,0.0,3.0,0.0,,Nott'ham Forest
Morato,BRA,DF,23.0,26.0,6.0,907.0,10.1,0.0,0.0,0.0,0.0,0.0,0.0,5.0,0.0,,Nott'ham Forest
Jota Silva,POR,FW,24.0,31.0,5.0,854.0,9.5,3.0,1.0,4.0,3.0,0.0,0.0,5.0,0.0,MF,Nott'ham Forest
James Ward-Prowse,ENG,MF,29.0,9.0,5.0,400.0,4.4,0.0,1.0,1.0,0.0,0.0,0.0,2.0,1.0,,Nott'ham Forest
Danilo,BRA,MF,23.0,8.0,5.0,275.0,3.1,0.0,0.0,0.0,0.0,0.0,0.0,0.0,0.0,FW,Nott'ham Forest
Taiwo Awoniyi,NGA,FW,26.0,26.0,3.0,416.0,4.6,1.0,0.0,1.0,1.0,0.0,0.0,0.0,0.0,,Nott'ham Forest
Ramón Sosa,PAR,FW,24.0,19.0,1.0,295.0,3.3,1.0,0.0,1.0,1.0,0.0,0.0,1.0,0.0,MF,Nott'ham Forest
Willy Boly,CIV,DF,33.0,6.0,1.0,150.0,1.7,0.0,0.0,0.0,0.0,0.0,0.0,1.0,0.0,,Nott'ham Forest
Harry Toffolo,ENG,DF,28.0,4.0,1.0,137.0,1.5,0.0,0.0,0.0,0.0,0.0,0.0,1.0,0.0,,Nott'ham Forest
Eric da Silva Moreira,GER,MF,18.0,2.0,0.0,30.0,0.3,0.0,0.0,0.0,0.0,0.0,0.0,0.0,0.0,DF,Nott'ham Forest
Zach Abbott,ENG,DF,18.0,0.0,0.0,0.0,0.0,0.0,0.0,0.0,0.0,0.0,0.0,0.0,0.0,,Nott'ham Forest
Wayne Hennessey,WAL,GK,37.0,0.0,0.0,0.0,0.0,0.0,0.0,0.0,0.0,0.0,0.0,0.0,0.0,,Nott'ham Forest
Carlos Miguel,BRA,GK,25.0,0.0,0.0,0.0,0.0,0.0,0.0,0.0,0.0,0.0,0.0,0.0,0.0,,Nott'ham Forest
Andrew Omobamidele,IRL,DF,22.0,0.0,0.0,0.0,0.0,0.0,0.0,0.0,0.0,0.0,0.0,0.0,0.0,,Nott'ham Forest
Mateus Fernandes,POR,MF,20.0,36.0,34.0,2909.0,32.3,2.0,4.0,6.0,2.0,0.0,0.0,8.0,0.0,,Southampton
Kyle Walker-Peters,ENG,DF,27.0,33.0,33.0,2918.0,32.4,0.0,2.0,2.0,0.0,0.0,0.0,5.0,0.0,,Southampton
Taylor Harwood-Bellis,ENG,DF,22.0,34.0,32.0,2825.0,31.4,1.0,0.0,1.0,1.0,0.0,0.0,9.0,0.0,,Southampton
Aaron Ramsdale,ENG,GK,26.0,30.0,30.0,2700.0,30.0,0.0,0.0,0.0,0.0,0.0,0.0,2.0,0.0,,Southampton
Jan Bednarek,POL,DF,28.0,30.0,30.0,2531.0,28.1,2.0,0.0,2.0,2.0,0.0,0.0,7.0,0.0,,Southampton
Flynn Downes,ENG,MF,25.0,27.0,25.0,2151.0,23.9,1.0,0.0,1.0,1.0,0.0,0.0,12.0,0.0,,Southampton
Joe Aribo,NGA,MF,28.0,32.0,21.0,2013.0,22.4,3.0,0.0,3.0,3.0,0.0,0.0,1.0,0.0,DF,Southampton
Tyler Dibling,ENG,FW,18.0,33.0,20.0,1874.0,20.8,2.0,0.0,2.0,2.0,0.0,0.0,6.0,0.0,MF,Southampton
Lesley Ugochukwu,FRA,MF,20.0,26.0,18.0,1655.0,18.4,1.0,1.0,2.0,1.0,0.0,0.0,7.0,0.0,,Southampton
Ryan Manning,IRL,DF,28.0,24.0,18.0,1462.0,16.2,0.0,1.0,1.0,0.0,0.0,0.0,2.0,0.0,MF,Southampton
Kamaldeen Sulemana,GHA,FW,22.0,26.0,17.0,1402.0,15.6,1.0,1.0,2.0,1.0,0.0,0.0,2.0,0.0,MF,Southampton
Jack Stephens,ENG,DF,30.0,19.0,17.0,1389.0,15.4,1.0,0.0,1.0,1.0,0.0,0.0,2.0,2.0,,Southampton
Yukinari Sugawara,JPN,DF,24.0,30.0,16.0,1557.0,17.3,1.0,1.0,2.0,1.0,0.0,0.0,4.0,0.0,MF,Southampton
Adam Armstrong,ENG,FW,27.0,20.0,15.0,1248.0,13.9,2.0,2.0,4.0,2.0,0.0,1.0,4.0,0.0,MF,Southampton
Cameron Archer,ENG,FW,23.0,35.0,13.0,1441.0,16.0,2.0,0.0,2.0,2.0,0.0,1.0,0.0,0.0,,Southampton
,,Performance,0.0,0.0,0.0,0.0,0.0,0.0,0.0,0.0,0.0,0.0,0.0,0.0,0.0,,Southampton
James Bree,ENG,DF,26.0,17.0,13.0,1075.0,11.9,0.0,1.0,1.0,0.0,0.0,0.0,0.0,0.0,,Southampton
Paul Onuachu,NGA,FW,30.0,25.0,11.0,1050.0,11.7,4.0,1.0,5.0,4.0,0.0,0.0,4.0,0.0,,Southampton
Nathan Wood-Gordon,ENG,DF,22.0,11.0,9.0,773.0,8.6,0.0,0.0,0.0,0.0,0.0,0.0,2.0,0.0,,Southampton
William Smallbone,IRL,MF,24.0,18.0,6.0,690.0,7.7,1.0,0.0,1.0,1.0,0.0,0.0,1.0,0.0,,Southampton
Welington,BRA,DF,23.0,10.0,6.0,482.0,5.4,0.0,0.0,0.0,0.0,0.0,0.0,1.0,0.0,,Southampton
Alex McCarthy,ENG,GK,34.0,5.0,5.0,450.0,5.0,0.0,0.0,0.0,0.0,0.0,0.0,0.0,0.0,,Southampton
Adam Lallana,ENG,MF,36.0,14.0,5.0,361.0,4.0,0.0,2.0,2.0,0.0,0.0,0.0,4.0,0.0,,Southampton
Ben Brereton,CHI,FW,25.0,10.0,4.0,449.0,5.0,0.0,0.0,0.0,0.0,0.0,0.0,1.0,0.0,,Southampton
Ross Stewart,SCO,FW,28.0,12.0,4.0,389.0,4.3,1.0,0.0,1.0,1.0,0.0,0.0,1.0,0.0,,Southampton
Ryan Fraser,SCO,FW,30.0,8.0,4.0,306.0,3.4,0.0,0.0,0.0,0.0,0.0,0.0,0.0,1.0,DF,Southampton
Charlie Taylor,ENG,DF,30.0,8.0,3.0,356.0,4.0,0.0,0.0,0.0,0.0,0.0,0.0,1.0,0.0,,Southampton
Joe Lumley,ENG,GK,29.0,3.0,3.0,270.0,3.0,0.0,0.0,0.0,0.0,0.0,0.0,0.0,0.0,,Southampton
Armel Bella Kotchap,GER,DF,22.0,4.0,2.0,331.0,3.7,0.0,0.0,0.0,0.0,0.0,0.0,0.0,0.0,,Southampton
Albert Grønbaek,DEN,FW,23.0,4.0,2.0,143.0,1.6,0.0,0.0,0.0,0.0,0.0,0.0,0.0,0.0,MF,Southampton
Jay Robinson,ENG,MF,17.0,4.0,1.0,137.0,1.5,0.0,0.0,0.0,0.0,0.0,0.0,0.0,0.0,FW,Southampton
,,Performance,0.0,0.0,0.0,0.0,0.0,0.0,0.0,0.0,0.0,0.0,0.0,0.0,0.0,,Southampton
Maxwel Cornet,CIV,FW,27.0,2.0,1.0,72.0,0.8,0.0,0.0,0.0,0.0,0.0,0.0,1.0,0.0,,Southampton
Samuel Edozie,ENG,DF,21.0,2.0,0.0,65.0,0.7,0.0,0.0,0.0,0.0,0.0,0.0,1.0,0.0,FW,Southampton
Samuel Amo-Ameyaw,ENG,FW,18.0,2.0,0.0,28.0,0.3,0.0,0.0,0.0,0.0,0.0,0.0,1.0,0.0,DF,Southampton
Joachim Kayi Sanda,FRA,DF,17.0,2.0,0.0,14.0,0.2,0.0,0.0,0.0,0.0,0.0,0.0,0.0,0.0,,Southampton
Ronnie Edwards,ENG,DF,21.0,1.0,0.0,12.0,0.1,0.0,0.0,0.0,0.0,0.0,0.0,0.0,0.0,,Southampton
Carlos Alcaraz,ARG,MF,21.0,1.0,0.0,10.0,0.1,0.0,0.0,0.0,0.0,0.0,0.0,0.0,0.0,,Southampton
Jayden Moore,,DF,0.0,0.0,0.0,0.0,0.0,0.0,0.0,0.0,0.0,0.0,0.0,0.0,0.0,,Southampton
Joe O'Brien-Whitmarsh,IRL,MF,19.0,0.0,0.0,0.0,0.0,0.0,0.0,0.0,0.0,0.0,0.0,0.0,0.0,,Southampton
Pedro Porro,ESP,DF,24.0,33.0,28.0,2610.0,29.0,2.0,6.0,8.0,2.0,0.0,0.0,5.0,0.0,,Tottenham
Dejan Kulusevski,SWE,MF,24.0,32.0,27.0,2389.0,26.5,7.0,4.0,11.0,7.0,0.0,0.0,3.0,0.0,FW,Tottenham
Dominic Solanke,ENG,FW,26.0,27.0,25.0,2201.0,24.5,9.0,3.0,12.0,8.0,1.0,1.0,0.0,0.0,,Tottenham
Brennan Johnson,WAL,FW,23.0,33.0,24.0,2177.0,24.2,11.0,3.0,14.0,11.0,0.0,0.0,5.0,0.0,,Tottenham
Guglielmo Vicario,ITA,GK,27.0,24.0,24.0,2160.0,24.0,0.0,0.0,0.0,0.0,0.0,0.0,1.0,0.0,,Tottenham
Son Heung-min,KOR,FW,32.0,30.0,24.0,2110.0,23.4,7.0,9.0,16.0,6.0,1.0,2.0,1.0,0.0,,Tottenham
Destiny Udogie,ITA,DF,21.0,25.0,24.0,1924.0,21.4,0.0,1.0,1.0,0.0,0.0,0.0,2.0,0.0,,Tottenham
Pape Matar Sarr,SEN,MF,21.0,36.0,22.0,1913.0,21.3,3.0,2.0,5.0,3.0,0.0,0.0,6.0,0.0,,Tottenham
James Maddison,ENG,MF,27.0,31.0,21.0,1809.0,20.1,9.0,7.0,16.0,9.0,0.0,0.0,6.0,0.0,,Tottenham
Rodrigo Bentancur,URU,MF,27.0,26.0,21.0,1645.0,18.3,2.0,0.0,2.0,2.0,0.0,0.0,9.0,0.0,,Tottenham
Djed Spence,ENG,DF,23.0,25.0,19.0,1792.0,19.9,1.0,2.0,3.0,1.0,0.0,0.0,4.0,1.0,,Tottenham
Archie Gray,ENG,DF,18.0,28.0,19.0,1751.0,19.5,0.0,0.0,0.0,0.0,0.0,0.0,1.0,0.0,MF,Tottenham
Cristian Romero,ARG,DF,26.0,18.0,18.0,1416.0,15.7,1.0,0.0,1.0,1.0,0.0,0.0,3.0,0.0,,Tottenham
Yves Bissouma,MLI,MF,27.0,28.0,16.0,1408.0,15.6,2.0,0.0,2.0,2.0,0.0,0.0,7.0,0.0,,Tottenham
Ben Davies,WAL,DF,31.0,17.0,14.0,1331.0,14.8,0.0,0.0,0.0,0.0,0.0,0.0,5.0,0.0,,Tottenham
Radu Drăgușin,ROU,DF,22.0,16.0,14.0,1252.0,13.9,0.0,0.0,0.0,0.0,0.0,0.0,1.0,0.0,,Tottenham
Micky van de Ven,NED,DF,23.0,13.0,12.0,1015.0,11.3,0.0,2.0,2.0,0.0,0.0,0.0,4.0,0.0,,Tottenham
Lucas Bergvall,SWE,MF,18.0,27.0,11.0,1212.0,13.5,0.0,1.0,1.0,0.0,0.0,0.0,3.0,0.0,,Tottenham
Mathys Tel,FRA,FW,19.0,13.0,11.0,911.0,10.1,2.0,1.0,3.0,1.0,1.0,1.0,2.0,0.0,,Tottenham
Wilson Odobert,FRA,FW,19.0,16.0,9.0,850.0,9.4,1.0,0.0,1.0,1.0,0.0,0.0,0.0,0.0,MF,Tottenham
Kevin Danso,AUT,DF,25.0,10.0,9.0,842.0,9.4,0.0,0.0,0.0,0.0,0.0,0.0,0.0,0.0,,Tottenham
Fraser Forster,ENG,GK,36.0,7.0,7.0,630.0,7.0,0.0,0.0,0.0,0.0,0.0,0.0,0.0,0.0,,Tottenham
Antonín Kinský,CZE,GK,21.0,6.0,6.0,540.0,6.0,0.0,0.0,0.0,0.0,0.0,0.0,0.0,0.0,,Tottenham
Timo Werner,GER,FW,28.0,18.0,4.0,516.0,5.7,0.0,3.0,3.0,0.0,0.0,0.0,0.0,0.0,MF,Tottenham
Richarlison,BRA,FW,27.0,15.0,4.0,504.0,5.6,4.0,1.0,5.0,4.0,0.0,0.0,2.0,0.0,,Tottenham
Mikey Moore,ENG,FW,16.0,10.0,3.0,366.0,4.1,0.0,1.0,1.0,0.0,0.0,0.0,0.0,0.0,,Tottenham
Sergio Reguilón,ESP,DF,27.0,4.0,1.0,196.0,2.2,0.0,0.0,0.0,0.0,0.0,0.0,2.0,0.0,,Tottenham
Brandon Austin,ENG,GK,25.0,1.0,1.0,90.0,1.0,0.0,0.0,0.0,0.0,0.0,0.0,0.0,0.0,,Tottenham
Dane Scarlett,ENG,FW,20.0,3.0,0.0,34.0,0.4,0.0,1.0,1.0,0.0,0.0,0.0,0.0,0.0,MF,Tottenham
Alfie Dorrington,ENG,DF,19.0,1.0,0.0,14.0,0.2,0.0,0.0,0.0,0.0,0.0,0.0,0.0,0.0,,Tottenham
Will Lankshear,ENG,FW,19.0,3.0,0.0,11.0,0.1,0.0,0.0,0.0,0.0,0.0,0.0,0.0,0.0,MF,Tottenham
Oyindamola Ajayi,ENG,MF,18.0,0.0,0.0,0.0,0.0,0.0,0.0,0.0,0.0,0.0,0.0,0.0,0.0,,Tottenham
Dante Cassanova,JAM,DF,20.0,0.0,0.0,0.0,0.0,0.0,0.0,0.0,0.0,0.0,0.0,0.0,0.0,,Tottenham
Alfie Devine,ENG,MF,19.0,0.0,0.0,0.0,0.0,0.0,0.0,0.0,0.0,0.0,0.0,0.0,0.0,,Tottenham
Malachi Hardy,ENG,DF,16.0,0.0,0.0,0.0,0.0,0.0,0.0,0.0,0.0,0.0,0.0,0.0,0.0,,Tottenham
Maeson King,ENG,DF,18.0,0.0,0.0,0.0,0.0,0.0,0.0,0.0,0.0,0.0,0.0,0.0,0.0,,Tottenham
Yang Minhyeok,KOR,MF,18.0,0.0,0.0,0.0,0.0,0.0,0.0,0.0,0.0,0.0,0.0,0.0,0.0,,Tottenham
Callum Olusesi,ENG,MF,17.0,0.0,0.0,0.0,0.0,0.0,0.0,0.0,0.0,0.0,0.0,0.0,0.0,,Tottenham
Alfie Whiteman,ENG,GK,25.0,0.0,0.0,0.0,0.0,0.0,0.0,0.0,0.0,0.0,0.0,0.0,0.0,,Tottenham
Luca Williams Barnett,ENG,FW,15.0,0.0,0.0,0.0,0.0,0.0,0.0,0.0,0.0,0.0,0.0,0.0,0.0,,Tottenham
Max Kilman,ENG,DF,27.0,38.0,38.0,3348.0,37.2,0.0,1.0,1.0,0.0,0.0,0.0,5.0,0.0,,West Ham
Aaron Wan-Bissaka,COD,DF,26.0,36.0,35.0,3154.0,35.0,2.0,5.0,7.0,2.0,0.0,0.0,1.0,0.0,,West Ham
Jarrod Bowen,ENG,FW,27.0,34.0,34.0,2973.0,33.0,13.0,8.0,21.0,12.0,1.0,1.0,1.0,0.0,MF,West Ham
Mohammed Kudus,GHA,FW,23.0,32.0,31.0,2590.0,28.8,5.0,3.0,8.0,5.0,0.0,0.0,2.0,1.0,MF,West Ham
Tomáš Souček,CZE,MF,29.0,35.0,30.0,2567.0,28.5,9.0,1.0,10.0,9.0,0.0,0.0,8.0,0.0,,West Ham
Lucas Paquetá,BRA,MF,26.0,33.0,27.0,2380.0,26.4,4.0,0.0,4.0,2.0,2.0,2.0,10.0,0.0,FW,West Ham
Emerson Palmieri,ITA,DF,29.0,31.0,26.0,2113.0,23.5,2.0,1.0,3.0,2.0,0.0,0.0,5.0,0.0,,West Ham
Alphonse Areola,FRA,GK,31.0,26.0,25.0,2260.0,25.1,0.0,0.0,0.0,0.0,0.0,0.0,0.0,0.0,,West Ham
Konstantinos Mavropanos,GRE,DF,26.0,33.0,21.0,2045.0,22.7,0.0,0.0,0.0,0.0,0.0,0.0,6.0,1.0,,West Ham
Jean-Clair Todibo,FRA,DF,24.0,27.0,20.0,1825.0,20.3,0.0,0.0,0.0,0.0,0.0,0.0,3.0,0.0,,West Ham
Edson Álvarez,MEX,MF,26.0,28.0,20.0,1772.0,19.7,0.0,1.0,1.0,0.0,0.0,0.0,9.0,1.0,,West Ham
Guido Rodríguez,ARG,MF,30.0,23.0,16.0,1149.0,12.8,0.0,1.0,1.0,0.0,0.0,0.0,6.0,0.0,,West Ham
Carlos Soler,ESP,MF,27.0,31.0,14.0,1409.0,15.7,1.0,1.0,2.0,1.0,0.0,0.0,6.0,0.0,FW,West Ham
Łukasz Fabiański,POL,GK,39.0,14.0,13.0,1160.0,12.9,0.0,0.0,0.0,0.0,0.0,0.0,2.0,0.0,,West Ham
James Ward-Prowse,ENG,MF,29.0,15.0,12.0,1039.0,11.5,1.0,1.0,2.0,1.0,0.0,0.0,2.0,0.0,,West Ham
Vladimír Coufal,CZE,DF,31.0,22.0,11.0,1067.0,11.9,0.0,0.0,0.0,0.0,0.0,0.0,5.0,0.0,,West Ham
Michail Antonio,JAM,FW,34.0,14.0,11.0,836.0,9.3,1.0,1.0,2.0,1.0,0.0,0.0,1.0,0.0,,West Ham
Aaron Cresswell,ENG,DF,34.0,18.0,10.0,824.0,9.2,0.0,0.0,0.0,0.0,0.0,0.0,3.0,0.0,,West Ham
Crysencio Summerville,NED,FW,22.0,19.0,7.0,786.0,8.7,1.0,1.0,2.0,1.0,0.0,0.0,2.0,0.0,MF,West Ham
Oliver Scarles,ENG,DF,18.0,15.0,7.0,665.0,7.4,0.0,0.0,0.0,0.0,0.0,0.0,1.0,0.0,FW,West Ham
Niclas Füllkrug,GER,FW,31.0,18.0,6.0,790.0,8.8,3.0,2.0,5.0,3.0,0.0,0.0,2.0,0.0,,West Ham
Danny Ings,ENG,FW,32.0,15.0,1.0,284.0,3.2,1.0,2.0,3.0,1.0,0.0,0.0,0.0,0.0,MF,West Ham
Andy Irving,SCO,MF,24.0,10.0,1.0,166.0,1.8,0.0,0.0,0.0,0.0,0.0,0.0,2.0,0.0,,West Ham
Evan Ferguson,IRL,FW,19.0,8.0,1.0,156.0,1.7,0.0,0.0,0.0,0.0,0.0,0.0,0.0,0.0,,West Ham
Luis Guilherme,BRA,MF,18.0,12.0,1.0,150.0,1.7,0.0,0.0,0.0,0.0,0.0,0.0,0.0,0.0,FW,West Ham
Lewis Orford,ENG,MF,18.0,2.0,0.0,49.0,0.5,0.0,0.0,0.0,0.0,0.0,0.0,0.0,0.0,,West Ham
Kaelan Casey,ENG,DF,19.0,1.0,0.0,1.0,0.0,0.0,0.0,0.0,0.0,0.0,0.0,0.0,0.0,,West Ham
Wes Foderingham,ENG,GK,33.0,0.0,0.0,0.0,0.0,0.0,0.0,0.0,0.0,0.0,0.0,0.0,0.0,,West Ham
Ezra Mayers,BRB,DF,17.0,0.0,0.0,0.0,0.0,0.0,0.0,0.0,0.0,0.0,0.0,0.0,0.0,,West Ham
Rayan Aït-Nouri,ALG,DF,23.0,37.0,37.0,3109.0,34.5,4.0,7.0,11.0,4.0,0.0,0.0,7.0,1.0,,Wolves
João Gomes,BRA,MF,23.0,36.0,35.0,2974.0,33.0,3.0,1.0,4.0,3.0,0.0,0.0,11.0,1.0,,Wolves
Nélson Semedo,POR,DF,30.0,34.0,32.0,2886.0,32.1,0.0,4.0,4.0,0.0,0.0,0.0,8.0,0.0,,Wolves
André,BRA,MF,23.0,33.0,31.0,2472.0,27.5,0.0,0.0,0.0,0.0,0.0,0.0,7.0,0.0,,Wolves
Toti Gomes,POR,DF,25.0,31.0,30.0,2614.0,29.0,0.0,1.0,1.0,0.0,0.0,0.0,7.0,0.0,,Wolves
Jørgen Strand Larsen,NOR,FW,24.0,35.0,30.0,2587.0,28.7,14.0,4.0,18.0,14.0,0.0,0.0,4.0,0.0,,Wolves
José Sá,POR,GK,31.0,29.0,29.0,2609.0,29.0,0.0,0.0,0.0,0.0,0.0,0.0,2.0,0.0,,Wolves
Matheus Cunha,BRA,MF,25.0,33.0,29.0,2597.0,28.9,15.0,6.0,21.0,15.0,0.0,0.0,4.0,0.0,FW,Wolves
Matt Doherty,IRL,DF,32.0,30.0,25.0,2109.0,23.4,2.0,1.0,3.0,2.0,0.0,0.0,6.0,0.0,,Wolves
Jean-Ricner Bellegarde,HAI,MF,26.0,35.0,20.0,1677.0,18.6,2.0,7.0,9.0,2.0,0.0,0.0,3.0,0.0,FW,Wolves
Santiago Bueno,URU,DF,25.0,29.0,18.0,1687.0,18.7,0.0,0.0,0.0,0.0,0.0,0.0,2.0,0.0,,Wolves
Emmanuel Agbadou,CIV,DF,27.0,16.0,16.0,1410.0,15.7,1.0,0.0,1.0,1.0,0.0,0.0,3.0,0.0,,Wolves
Mario Lemina,GAB,MF,30.0,17.0,15.0,1364.0,15.2,1.0,3.0,4.0,1.0,0.0,0.0,4.0,0.0,DF,Wolves
Marshall Munetsi,ZIM,MF,28.0,14.0,12.0,1078.0,12.0,2.0,1.0,3.0,2.0,0.0,0.0,0.0,0.0,FW,Wolves
Gonçalo Guedes,POR,MF,27.0,29.0,10.0,995.0,11.1,2.0,4.0,6.0,2.0,0.0,0.0,1.0,0.0,FW,Wolves
Craig Dawson,ENG,DF,34.0,15.0,10.0,971.0,10.8,0.0,0.0,0.0,0.0,0.0,0.0,2.0,0.0,,Wolves
Pablo Sarabia,ESP,MF,32.0,23.0,7.0,814.0,9.0,3.0,2.0,5.0,3.0,0.0,0.0,3.0,0.0,FW,Wolves
Rodrigo Gomes,POR,DF,21.0,25.0,7.0,810.0,9.0,2.0,0.0,2.0,2.0,0.0,0.0,0.0,0.0,FW,Wolves
Sam Johnstone,ENG,GK,31.0,7.0,7.0,630.0,7.0,0.0,0.0,0.0,0.0,0.0,0.0,0.0,0.0,,Wolves
Hwang Hee-chan,KOR,MF,28.0,21.0,5.0,661.0,7.3,2.0,0.0,2.0,2.0,0.0,0.0,0.0,0.0,FW,Wolves
Yerson Mosquera,COL,DF,23.0,5.0,5.0,441.0,4.9,0.0,0.0,0.0,0.0,0.0,0.0,2.0,0.0,,Wolves
Tommy Doyle,ENG,MF,22.0,24.0,3.0,488.0,5.4,0.0,1.0,1.0,0.0,0.0,0.0,1.0,0.0,,Wolves
Daniel Bentley,ENG,GK,31.0,2.0,2.0,180.0,2.0,0.0,0.0,0.0,0.0,0.0,0.0,0.0,0.0,,Wolves
Carlos Forbs,POR,MF,20.0,10.0,1.0,239.0,2.7,0.0,0.0,0.0,0.0,0.0,0.0,2.0,0.0,FW,Wolves
Pedro Lima,BRA,DF,18.0,3.0,1.0,70.0,0.8,0.0,0.0,0.0,0.0,0.0,0.0,0.0,0.0,,Wolves
Nasser Djiga,BFA,DF,21.0,5.0,1.0,66.0,0.7,0.0,0.0,0.0,0.0,0.0,0.0,0.0,0.0,,Wolves
Daniel Podence,POR,MF,28.0,2.0,0.0,48.0,0.5,0.0,0.0,0.0,0.0,0.0,0.0,0.0,0.0,FW,Wolves
Chiquinho,POR,MF,24.0,1.0,0.0,7.0,0.1,0.0,0.0,0.0,0.0,0.0,0.0,0.0,0.0,,Wolves
Mateus Mane,,MF,0.0,1.0,0.0,2.0,0.0,0.0,0.0,0.0,0.0,0.0,0.0,0.0,0.0,,Wolves
Tom King,WAL,GK,29.0,1.0,0.0,1.0,0.0,0.0,0.0,0.0,0.0,0.0,0.0,0.0,0.0,,Wolves
Alfie Pond,ENG,DF,20.0,1.0,0.0,1.0,0.0,0.0,0.0,0.0,0.0,0.0,0.0,0.0,0.0,,Wolves
Boubacar Traoré,MLI,MF,22.0,1.0,0.0,1.0,0.0,0.0,0.0,0.0,0.0,0.0,0.0,0.0,0.0,,Wolves
Tawanda Chirewa,ZIM,MF,20.0,0.0,0.0,0.0,0.0,0.0,0.0,0.0,0.0,0.0,0.0,0.0,0.0,,Wolves
Luke Cundle,ENG,MF,22.0,0.0,0.0,0.0,0.0,0.0,0.0,0.0,0.0,0.0,0.0,0.0,0.0,,Wolves
Tom Edozie,ENG,MF,18.0,0.0,0.0,0.0,0.0,0.0,0.0,0.0,0.0,0.0,0.0,0.0,0.0,,Wolves
Bastien Meupiyou,FRA,DF,18.0,0.0,0.0,0.0,0.0,0.0,0.0,0.0,0.0,0.0,0.0,0.0,0.0,,Wolves
Wesley Okoduwa,ENG,FW,16.0,0.0,0.0,0.0,0.0,0.0,0.0,0.0,0.0,0.0,0.0,0.0,0.0,,Wolves
